destination_id,destination,country,world_region,latitude,longitude,import_status,promotion_requirement
NE-1159151605,Shanghai,China,Asia,31.218398,121.434559,NOT_ELIGIBLE,"Geographic record only. Research destination-specific value, source, guest fit and live lodging before promotion."
NE-1159151611,Mumbai,India,Asia,19.018936,72.855043,NOT_ELIGIBLE,"Geographic record only. Research destination-specific value, source, guest fit and live lodging before promotion."
NE-1159151599,Jakarta,Indonesia,Asia,-6.172472,106.827492,NOT_ELIGIBLE,"Geographic record only. Research destination-specific value, source, guest fit and live lodging before promotion."
NE-1159151579,Istanbul,Turkey,Asia,41.106942,29.008056,NOT_ELIGIBLE,"Geographic record only. Research destination-specific value, source, guest fit and live lodging before promotion."
NE-1159151509,Bangkok,Thailand,Asia,13.751945,100.514699,NOT_ELIGIBLE,"Geographic record only. Research destination-specific value, source, guest fit and live lodging before promotion."
NE-1159150969,Almaty,Kazakhstan,Asia,43.326936,76.91309,NOT_ELIGIBLE,"Geographic record only. Research destination-specific value, source, guest fit and live lodging before promotion."
NE-1159151253,Ho Chi Minh City,Vietnam,Asia,10.781971,106.693081,NOT_ELIGIBLE,"Geographic record only. Research destination-specific value, source, guest fit and live lodging before promotion."
NE-1159151287,Karachi,Pakistan,Asia,24.871938,66.988063,NOT_ELIGIBLE,"Geographic record only. Research destination-specific value, source, guest fit and live lodging before promotion."
NE-1159151525,Manila,Philippines,Asia,14.606105,120.980271,NOT_ELIGIBLE,"Geographic record only. Research destination-specific value, source, guest fit and live lodging before promotion."
NE-1159151317,Kuala Lumpur,Malaysia,Asia,3.168612,101.698037,NOT_ELIGIBLE,"Geographic record only. Research destination-specific value, source, guest fit and live lodging before promotion."
NE-1159151581,Riyadh,Saudi Arabia,Asia,24.642779,46.770796,NOT_ELIGIBLE,"Geographic record only. Research destination-specific value, source, guest fit and live lodging before promotion."
NE-1159151501,Tashkent,Uzbekistan,Asia,41.313648,69.292987,NOT_ELIGIBLE,"Geographic record only. Research destination-specific value, source, guest fit and live lodging before promotion."
NE-1159151523,Seoul,South Korea,Asia,37.568295,126.997785,NOT_ELIGIBLE,"Geographic record only. Research destination-specific value, source, guest fit and live lodging before promotion."
NE-1159151567,Taipei,Taiwan,Asia,25.035833,121.568333,NOT_ELIGIBLE,"Geographic record only. Research destination-specific value, source, guest fit and live lodging before promotion."
NE-1159150781,Ulaanbaatar,Mongolia,Asia,47.918619,106.91467,NOT_ELIGIBLE,"Geographic record only. Research destination-specific value, source, guest fit and live lodging before promotion."
NE-1159151127,Phnom Penh,Cambodia,Asia,11.551976,104.914689,NOT_ELIGIBLE,"Geographic record only. Research destination-specific value, source, guest fit and live lodging before promotion."
NE-1159150655,Kathmandu,Nepal,Asia,27.718638,85.314696,NOT_ELIGIBLE,"Geographic record only. Research destination-specific value, source, guest fit and live lodging before promotion."
NE-1159151467,Dhaka,Bangladesh,Asia,23.725006,90.406634,NOT_ELIGIBLE,"Geographic record only. Research destination-specific value, source, guest fit and live lodging before promotion."
NE-1159150719,Colombo,Sri Lanka,Asia,6.931966,79.857751,NOT_ELIGIBLE,"Geographic record only. Research destination-specific value, source, guest fit and live lodging before promotion."
NE-1159150813,Bishkek,Kyrgyzstan,Asia,42.875025,74.583258,NOT_ELIGIBLE,"Geographic record only. Research destination-specific value, source, guest fit and live lodging before promotion."
NE-1159151123,Baku,Azerbaijan,Asia,40.397218,49.860271,NOT_ELIGIBLE,"Geographic record only. Research destination-specific value, source, guest fit and live lodging before promotion."
NE-1159150567,Ashgabat,Turkmenistan,Asia,37.949995,58.383299,NOT_ELIGIBLE,"Geographic record only. Research destination-specific value, source, guest fit and live lodging before promotion."
NE-1159150807,Amman,Jordan,Asia,31.951971,35.931354,NOT_ELIGIBLE,"Geographic record only. Research destination-specific value, source, guest fit and live lodging before promotion."
NE-1159150991,Vientiane,Laos,Asia,17.966693,102.59998,NOT_ELIGIBLE,"Geographic record only. Research destination-specific value, source, guest fit and live lodging before promotion."
NE-1159150609,Dushanbe,Tajikistan,Asia,38.560035,68.773879,NOT_ELIGIBLE,"Geographic record only. Research destination-specific value, source, guest fit and live lodging before promotion."
NE-1159151497,Dubai,United Arab Emirates,Asia,25.231942,55.278029,NOT_ELIGIBLE,"Geographic record only. Research destination-specific value, source, guest fit and live lodging before promotion."
NE-1159150717,Muscat,Oman,Asia,23.613325,58.593312,NOT_ELIGIBLE,"Geographic record only. Research destination-specific value, source, guest fit and live lodging before promotion."
NE-1159151119,Yerevan,Armenia,Asia,40.183097,44.511606,NOT_ELIGIBLE,"Geographic record only. Research destination-specific value, source, guest fit and live lodging before promotion."
NE-1159150961,Tbilisi,Georgia,Asia,41.726956,44.78885,NOT_ELIGIBLE,"Geographic record only. Research destination-specific value, source, guest fit and live lodging before promotion."
NE-1159151417,Tel Aviv-Yafo,Israel,Asia,32.081937,34.768066,NOT_ELIGIBLE,"Geographic record only. Research destination-specific value, source, guest fit and live lodging before promotion."
NE-1159150957,Beirut,Lebanon,Asia,33.873921,35.507762,NOT_ELIGIBLE,"Geographic record only. Research destination-specific value, source, guest fit and live lodging before promotion."
NE-1159151361,Kuwait City,Kuwait,Asia,29.371664,47.976355,NOT_ELIGIBLE,"Geographic record only. Research destination-specific value, source, guest fit and live lodging before promotion."
NE-1159151209,Nicosia,Cyprus,Asia,35.166677,33.366635,NOT_ELIGIBLE,"Geographic record only. Research destination-specific value, source, guest fit and live lodging before promotion."
NE-1159150445,Gaza,Palestine,Asia,31.529999,34.445019,NOT_ELIGIBLE,"Geographic record only. Research destination-specific value, source, guest fit and live lodging before promotion."
NE-1159151151,Thimphu,Bhutan,Asia,27.472986,89.639014,NOT_ELIGIBLE,"Geographic record only. Research destination-specific value, source, guest fit and live lodging before promotion."
NE-1159132353,Famagusta,Northern Cyprus,Asia,35.125025,33.95001,NOT_ELIGIBLE,"Geographic record only. Research destination-specific value, source, guest fit and live lodging before promotion."
NE-1159149085,Macau,Macau S.A.R,Asia,22.202998,113.545048,NOT_ELIGIBLE,"Geographic record only. Research destination-specific value, source, guest fit and live lodging before promotion."
NE-1159150451,Manama,Bahrain,Asia,26.236136,50.583052,NOT_ELIGIBLE,"Geographic record only. Research destination-specific value, source, guest fit and live lodging before promotion."
NE-1159150577,Dili,East Timor,Asia,-8.559388,125.579456,NOT_ELIGIBLE,"Geographic record only. Research destination-specific value, source, guest fit and live lodging before promotion."
NE-1159151083,Bandar Seri Begawan,Brunei,Asia,4.883331,114.933284,NOT_ELIGIBLE,"Geographic record only. Research destination-specific value, source, guest fit and live lodging before promotion."
NE-1159151201,Male,Maldives,Asia,4.166708,73.499948,NOT_ELIGIBLE,"Geographic record only. Research destination-specific value, source, guest fit and live lodging before promotion."
NE-1159151627,Singapore,Singapore,Asia,1.294979,103.853875,NOT_ELIGIBLE,"Geographic record only. Research destination-specific value, source, guest fit and live lodging before promotion."
NE-1159151629,Hong Kong,Hong Kong S.A.R.,Asia,22.306927,114.183064,NOT_ELIGIBLE,"Geographic record only. Research destination-specific value, source, guest fit and live lodging before promotion."
NE-1159151595,Beijing,China,Asia,39.930838,116.38634,NOT_ELIGIBLE,"Geographic record only. Research destination-specific value, source, guest fit and live lodging before promotion."
NE-1159151617,Kolkata,India,Asia,22.496915,88.32273,NOT_ELIGIBLE,"Geographic record only. Research destination-specific value, source, guest fit and live lodging before promotion."
NE-1159151339,Surabaya,Indonesia,Asia,-7.24729,112.748887,NOT_ELIGIBLE,"Geographic record only. Research destination-specific value, source, guest fit and live lodging before promotion."
NE-1159151255,Ankara,Turkey,Asia,39.929184,32.862446,NOT_ELIGIBLE,"Geographic record only. Research destination-specific value, source, guest fit and live lodging before promotion."
NE-1159149409,Nakhon Ratchasima,Thailand,Asia,15.000026,102.100011,NOT_ELIGIBLE,"Geographic record only. Research destination-specific value, source, guest fit and live lodging before promotion."
NE-1159150967,Qaraghandy,Kazakhstan,Asia,49.884977,73.11501,NOT_ELIGIBLE,"Geographic record only. Research destination-specific value, source, guest fit and live lodging before promotion."
NE-1159151251,Hanoi,Vietnam,Asia,21.035273,105.848068,NOT_ELIGIBLE,"Geographic record only. Research destination-specific value, source, guest fit and live lodging before promotion."
NE-1159151285,Lahore,Pakistan,Asia,31.561917,74.348079,NOT_ELIGIBLE,"Geographic record only. Research destination-specific value, source, guest fit and live lodging before promotion."
NE-1159150727,Davao,Philippines,Asia,7.111963,125.62805,NOT_ELIGIBLE,"Geographic record only. Research destination-specific value, source, guest fit and live lodging before promotion."
NE-1159149765,George Town,Malaysia,Asia,5.413613,100.329368,NOT_ELIGIBLE,"Geographic record only. Research destination-specific value, source, guest fit and live lodging before promotion."
NE-1159151277,Jeddah,Saudi Arabia,Asia,21.518835,39.217252,NOT_ELIGIBLE,"Geographic record only. Research destination-specific value, source, guest fit and live lodging before promotion."
NE-1159150569,Samarqand,Uzbekistan,Asia,39.670019,66.944999,NOT_ELIGIBLE,"Geographic record only. Research destination-specific value, source, guest fit and live lodging before promotion."
NE-1159149599,Busan,South Korea,Asia,35.096999,129.008102,NOT_ELIGIBLE,"Geographic record only. Research destination-specific value, source, guest fit and live lodging before promotion."
NE-1159151213,Kaohsiung,Taiwan,Asia,22.633307,120.266602,NOT_ELIGIBLE,"Geographic record only. Research destination-specific value, source, guest fit and live lodging before promotion."
NE-1159150777,Erdenet,Mongolia,Asia,49.053297,104.118337,NOT_ELIGIBLE,"Geographic record only. Research destination-specific value, source, guest fit and live lodging before promotion."
NE-1159150323,Battambang,Cambodia,Asia,13.100013,103.200047,NOT_ELIGIBLE,"Geographic record only. Research destination-specific value, source, guest fit and live lodging before promotion."
NE-1159146011,Pokhara,Nepal,Asia,28.263996,83.971999,NOT_ELIGIBLE,"Geographic record only. Research destination-specific value, source, guest fit and live lodging before promotion."
NE-1159151473,Chattogram,Bangladesh,Asia,22.331938,91.798022,NOT_ELIGIBLE,"Geographic record only. Research destination-specific value, source, guest fit and live lodging before promotion."
NE-1159149593,Sri Jawewardenepura Kotte,Sri Lanka,Asia,6.900004,79.949993,NOT_ELIGIBLE,"Geographic record only. Research destination-specific value, source, guest fit and live lodging before promotion."
NE-1159146473,Karakol,Kyrgyzstan,Asia,42.492043,78.38182,NOT_ELIGIBLE,"Geographic record only. Research destination-specific value, source, guest fit and live lodging before promotion."
NE-1159145147,Naxcivan,Azerbaijan,Asia,39.20922,45.412205,NOT_ELIGIBLE,"Geographic record only. Research destination-specific value, source, guest fit and live lodging before promotion."
NE-1159149343,Turkmenabat,Turkmenistan,Asia,39.110002,63.580036,NOT_ELIGIBLE,"Geographic record only. Research destination-specific value, source, guest fit and live lodging before promotion."
NE-1159139563,Al Aqabah,Jordan,Asia,29.526995,35.077693,NOT_ELIGIBLE,"Geographic record only. Research destination-specific value, source, guest fit and live lodging before promotion."
NE-1159146821,Savannakhet,Laos,Asia,16.537581,104.772974,NOT_ELIGIBLE,"Geographic record only. Research destination-specific value, source, guest fit and live lodging before promotion."
NE-1159146327,Khujand,Tajikistan,Asia,40.289981,69.619926,NOT_ELIGIBLE,"Geographic record only. Research destination-specific value, source, guest fit and live lodging before promotion."
NE-1159150565,Abu Dhabi,United Arab Emirates,Asia,24.466684,54.366593,NOT_ELIGIBLE,"Geographic record only. Research destination-specific value, source, guest fit and live lodging before promotion."
NE-1159146593,As Sib,Oman,Asia,23.680246,58.182536,NOT_ELIGIBLE,"Geographic record only. Research destination-specific value, source, guest fit and live lodging before promotion."
NE-1159132151,Gyumri,Armenia,Asia,40.789434,43.847494,NOT_ELIGIBLE,"Geographic record only. Research destination-specific value, source, guest fit and live lodging before promotion."
NE-1159147265,Batumi,Georgia,Asia,41.600005,41.630007,NOT_ELIGIBLE,"Geographic record only. Research destination-specific value, source, guest fit and live lodging before promotion."
NE-1159151203,Jerusalem,Israel,Asia,31.778408,35.206626,NOT_ELIGIBLE,"Geographic record only. Research destination-specific value, source, guest fit and live lodging before promotion."
NE-1159148623,Tarabulus,Lebanon,Asia,34.42195,35.86805,NOT_ELIGIBLE,"Geographic record only. Research destination-specific value, source, guest fit and live lodging before promotion."
NE-1159128461,Al Jahra,Kuwait,Asia,29.337472,47.658062,NOT_ELIGIBLE,"Geographic record only. Research destination-specific value, source, guest fit and live lodging before promotion."
NE-1159146007,Lemosos,Cyprus,Asia,34.675414,33.033322,NOT_ELIGIBLE,"Geographic record only. Research destination-specific value, source, guest fit and live lodging before promotion."
NE-1159146065,Nablus,Palestine,Asia,32.221482,35.254427,NOT_ELIGIBLE,"Geographic record only. Research destination-specific value, source, guest fit and live lodging before promotion."
NE-1159121163,Paro,Bhutan,Asia,27.42937,89.416777,NOT_ELIGIBLE,"Geographic record only. Research destination-specific value, source, guest fit and live lodging before promotion."
NE-1159121963,Kyrenia,Northern Cyprus,Asia,35.325999,33.333004,NOT_ELIGIBLE,"Geographic record only. Research destination-specific value, source, guest fit and live lodging before promotion."
NE-1159151533,Chengdu,China,Asia,30.671946,104.068074,NOT_ELIGIBLE,"Geographic record only. Research destination-specific value, source, guest fit and live lodging before promotion."
NE-1159151543,Bengaluru,India,Asia,12.971941,77.558064,NOT_ELIGIBLE,"Geographic record only. Research destination-specific value, source, guest fit and live lodging before promotion."
NE-1159151335,Bandung,Indonesia,Asia,-6.948083,107.568067,NOT_ELIGIBLE,"Geographic record only. Research destination-specific value, source, guest fit and live lodging before promotion."
NE-1159149371,Izmir,Turkey,Asia,38.438096,27.149848,NOT_ELIGIBLE,"Geographic record only. Research destination-specific value, source, guest fit and live lodging before promotion."
NE-1159149405,Surat Thani,Thailand,Asia,9.150099,99.340127,NOT_ELIGIBLE,"Geographic record only. Research destination-specific value, source, guest fit and live lodging before promotion."
NE-1159150965,Astana,Kazakhstan,Asia,51.181125,71.427774,NOT_ELIGIBLE,"Geographic record only. Research destination-specific value, source, guest fit and live lodging before promotion."
NE-1159149349,Haiphong,Vietnam,Asia,20.831952,106.678147,NOT_ELIGIBLE,"Geographic record only. Research destination-specific value, source, guest fit and live lodging before promotion."
NE-1159150647,Multan,Pakistan,Asia,30.201923,71.453062,NOT_ELIGIBLE,"Geographic record only. Research destination-specific value, source, guest fit and live lodging before promotion."
NE-1159150721,Cebu,Philippines,Asia,10.321922,123.898129,NOT_ELIGIBLE,"Geographic record only. Research destination-specific value, source, guest fit and live lodging before promotion."
NE-1159149803,Kuching,Malaysia,Asia,1.52997,110.329999,NOT_ELIGIBLE,"Geographic record only. Research destination-specific value, source, guest fit and live lodging before promotion."
NE-1159151279,Makkah,Saudi Arabia,Asia,21.431967,39.818094,NOT_ELIGIBLE,"Geographic record only. Research destination-specific value, source, guest fit and live lodging before promotion."
NE-1159149347,Andijon,Uzbekistan,Asia,40.790003,72.339967,NOT_ELIGIBLE,"Geographic record only. Research destination-specific value, source, guest fit and live lodging before promotion."
NE-1159149125,Incheon,South Korea,Asia,37.478094,126.640288,NOT_ELIGIBLE,"Geographic record only. Research destination-specific value, source, guest fit and live lodging before promotion."
NE-1159150461,Taichung,Taiwan,Asia,24.152078,120.681667,NOT_ELIGIBLE,"Geographic record only. Research destination-specific value, source, guest fit and live lodging before promotion."
NE-1159149721,Choybalsan,Mongolia,Asia,48.066587,114.506023,NOT_ELIGIBLE,"Geographic record only. Research destination-specific value, source, guest fit and live lodging before promotion."
NE-1159150325,Siem Reap,Cambodia,Asia,13.366638,103.850033,NOT_ELIGIBLE,"Geographic record only. Research destination-specific value, source, guest fit and live lodging before promotion."
NE-1159136499,Biratnagar,Nepal,Asia,26.483744,87.283344,NOT_ELIGIBLE,"Geographic record only. Research destination-specific value, source, guest fit and live lodging before promotion."
NE-1159150353,Khulna,Bangladesh,Asia,22.841933,89.558055,NOT_ELIGIBLE,"Geographic record only. Research destination-specific value, source, guest fit and live lodging before promotion."
NE-1159149589,Kandy,Sri Lanka,Asia,7.279981,80.670001,NOT_ELIGIBLE,"Geographic record only. Research destination-specific value, source, guest fit and live lodging before promotion."
NE-1159136477,Osh,Kyrgyzstan,Asia,40.540405,72.790017,NOT_ELIGIBLE,"Geographic record only. Research destination-specific value, source, guest fit and live lodging before promotion."
NE-1159144565,Shirvan,Azerbaijan,Asia,39.932303,48.920259,NOT_ELIGIBLE,"Geographic record only. Research destination-specific value, source, guest fit and live lodging before promotion."
NE-1159149345,Mary,Turkmenistan,Asia,37.600016,61.833321,NOT_ELIGIBLE,"Geographic record only. Research destination-specific value, source, guest fit and live lodging before promotion."
NE-1159139569,Al Karak,Jordan,Asia,31.185111,35.704735,NOT_ELIGIBLE,"Geographic record only. Research destination-specific value, source, guest fit and live lodging before promotion."
NE-1159139147,Louangphrabang,Laos,Asia,19.884534,102.14161,NOT_ELIGIBLE,"Geographic record only. Research destination-specific value, source, guest fit and live lodging before promotion."
NE-1159146325,Khorugh,Tajikistan,Asia,37.487517,71.54756,NOT_ELIGIBLE,"Geographic record only. Research destination-specific value, source, guest fit and live lodging before promotion."
NE-1159134285,Al Ayn,United Arab Emirates,Asia,24.230471,55.739998,NOT_ELIGIBLE,"Geographic record only. Research destination-specific value, source, guest fit and live lodging before promotion."
NE-1159146587,Salalah,Oman,Asia,17.025458,54.085215,NOT_ELIGIBLE,"Geographic record only. Research destination-specific value, source, guest fit and live lodging before promotion."
NE-1159132159,Vanadzor,Armenia,Asia,40.812766,44.488282,NOT_ELIGIBLE,"Geographic record only. Research destination-specific value, source, guest fit and live lodging before promotion."
NE-1159148621,Sukhumi,Georgia,Asia,43.020021,41.020018,NOT_ELIGIBLE,"Geographic record only. Research destination-specific value, source, guest fit and live lodging before promotion."
NE-1159142281,Haifa,Israel,Asia,32.822357,34.978079,NOT_ELIGIBLE,"Geographic record only. Research destination-specific value, source, guest fit and live lodging before promotion."
NE-1159139037,Zahle,Lebanon,Asia,33.850116,35.904154,NOT_ELIGIBLE,"Geographic record only. Research destination-specific value, source, guest fit and live lodging before promotion."
NE-1159128453,Al Ahmadi,Kuwait,Asia,29.076945,48.083773,NOT_ELIGIBLE,"Geographic record only. Research destination-specific value, source, guest fit and live lodging before promotion."
NE-1159121843,Larnaka,Cyprus,Asia,34.917003,33.635998,NOT_ELIGIBLE,"Geographic record only. Research destination-specific value, source, guest fit and live lodging before promotion."
NE-1159132349,Al Khalil,Palestine,Asia,31.540593,35.095573,NOT_ELIGIBLE,"Geographic record only. Research destination-specific value, source, guest fit and live lodging before promotion."
NE-1159151531,Urumqi,China,Asia,43.806958,87.57306,NOT_ELIGIBLE,"Geographic record only. Research destination-specific value, source, guest fit and live lodging before promotion."
NE-1159151541,New Delhi,India,Asia,28.600023,77.19998,NOT_ELIGIBLE,"Geographic record only. Research destination-specific value, source, guest fit and live lodging before promotion."
NE-1159151307,Medan,Indonesia,Asia,3.58192,98.648094,NOT_ELIGIBLE,"Geographic record only. Research destination-specific value, source, guest fit and live lodging before promotion."
NE-1159149373,Bursa,Turkey,Asia,40.201933,29.068052,NOT_ELIGIBLE,"Geographic record only. Research destination-specific value, source, guest fit and live lodging before promotion."
NE-1159147895,Hat Yai,Thailand,Asia,6.996432,100.471428,NOT_ELIGIBLE,"Geographic record only. Research destination-specific value, source, guest fit and live lodging before promotion."
NE-1159150143,Shymkent,Kazakhstan,Asia,42.320012,69.595018,NOT_ELIGIBLE,"Geographic record only. Research destination-specific value, source, guest fit and live lodging before promotion."
NE-1159149351,Da Nang,Vietnam,Asia,16.060039,108.249971,NOT_ELIGIBLE,"Geographic record only. Research destination-specific value, source, guest fit and live lodging before promotion."
NE-1159150649,Hyderabad,Pakistan,Asia,25.381933,68.373043,NOT_ELIGIBLE,"Geographic record only. Research destination-specific value, source, guest fit and live lodging before promotion."
NE-1159150723,Iloilo,Philippines,Asia,10.705043,122.545016,NOT_ELIGIBLE,"Geographic record only. Research destination-specific value, source, guest fit and live lodging before promotion."
NE-1159149883,Putrajaya,Malaysia,Asia,2.91402,101.701947,NOT_ELIGIBLE,"Geographic record only. Research destination-specific value, source, guest fit and live lodging before promotion."
NE-1159149443,Medina,Saudi Arabia,Asia,24.501935,39.578057,NOT_ELIGIBLE,"Geographic record only. Research destination-specific value, source, guest fit and live lodging before promotion."
NE-1159149337,Bukhara,Uzbekistan,Asia,39.780012,64.43001,NOT_ELIGIBLE,"Geographic record only. Research destination-specific value, source, guest fit and live lodging before promotion."
NE-1159149595,Daejeon,South Korea,Asia,36.337492,127.423082,NOT_ELIGIBLE,"Geographic record only. Research destination-specific value, source, guest fit and live lodging before promotion."
NE-1159149107,New Taipei,Taiwan,Asia,25.012778,121.465,NOT_ELIGIBLE,"Geographic record only. Research destination-specific value, source, guest fit and live lodging before promotion."
NE-1159149719,Dund-Us,Mongolia,Asia,48.016642,91.633259,NOT_ELIGIBLE,"Geographic record only. Research destination-specific value, source, guest fit and live lodging before promotion."
NE-1159144655,Kampong Cham,Cambodia,Asia,12.000442,105.450039,NOT_ELIGIBLE,"Geographic record only. Research destination-specific value, source, guest fit and live lodging before promotion."
NE-1159136495,Birganj,Nepal,Asia,27.000405,84.866592,NOT_ELIGIBLE,"Geographic record only. Research destination-specific value, source, guest fit and live lodging before promotion."
NE-1159150421,Rajshahi,Bangladesh,Asia,24.37693,88.603074,NOT_ELIGIBLE,"Geographic record only. Research destination-specific value, source, guest fit and live lodging before promotion."
NE-1159148173,Jaffna,Sri Lanka,Asia,9.675003,80.005028,NOT_ELIGIBLE,"Geographic record only. Research destination-specific value, source, guest fit and live lodging before promotion."
NE-1159136459,Jalal Abad,Kyrgyzstan,Asia,40.942887,73.00251,NOT_ELIGIBLE,"Geographic record only. Research destination-specific value, source, guest fit and live lodging before promotion."
NE-1159144585,Saki,Azerbaijan,Asia,41.192329,47.170547,NOT_ELIGIBLE,"Geographic record only. Research destination-specific value, source, guest fit and live lodging before promotion."
NE-1159149335,Turkmenbasy,Turkmenistan,Asia,40.023047,52.969676,NOT_ELIGIBLE,"Geographic record only. Research destination-specific value, source, guest fit and live lodging before promotion."
NE-1159129743,Az Zarqa,Jordan,Asia,32.069992,36.100008,NOT_ELIGIBLE,"Geographic record only. Research destination-specific value, source, guest fit and live lodging before promotion."
NE-1159139139,Pakxe,Laos,Asia,15.12206,105.818337,NOT_ELIGIBLE,"Geographic record only. Research destination-specific value, source, guest fit and live lodging before promotion."
NE-1159134353,Uroteppa,Tajikistan,Asia,39.921916,69.001462,NOT_ELIGIBLE,"Geographic record only. Research destination-specific value, source, guest fit and live lodging before promotion."
NE-1159134277,Ras al Khaymah,United Arab Emirates,Asia,25.791538,55.942776,NOT_ELIGIBLE,"Geographic record only. Research destination-specific value, source, guest fit and live lodging before promotion."
NE-1159146591,Suhar,Oman,Asia,24.361973,56.734419,NOT_ELIGIBLE,"Geographic record only. Research destination-specific value, source, guest fit and live lodging before promotion."
NE-1159120397,Gavarr,Armenia,Asia,40.358889,45.126667,NOT_ELIGIBLE,"Geographic record only. Research destination-specific value, source, guest fit and live lodging before promotion."
NE-1159142261,Rustavi,Georgia,Asia,41.570368,45.050004,NOT_ELIGIBLE,"Geographic record only. Research destination-specific value, source, guest fit and live lodging before promotion."
NE-1159142287,Nazareth,Israel,Asia,32.703984,35.295509,NOT_ELIGIBLE,"Geographic record only. Research destination-specific value, source, guest fit and live lodging before promotion."
NE-1159129477,Saida,Lebanon,Asia,33.563028,35.368787,NOT_ELIGIBLE,"Geographic record only. Research destination-specific value, source, guest fit and live lodging before promotion."
NE-1159118215,Hawalli,Kuwait,Asia,29.33334,47.999998,NOT_ELIGIBLE,"Geographic record only. Research destination-specific value, source, guest fit and live lodging before promotion."
NE-1159121859,Paphos,Cyprus,Asia,34.755915,32.422457,NOT_ELIGIBLE,"Geographic record only. Research destination-specific value, source, guest fit and live lodging before promotion."
NE-1159121947,Ramallah,Palestine,Asia,31.902945,35.206209,NOT_ELIGIBLE,"Geographic record only. Research destination-specific value, source, guest fit and live lodging before promotion."
NE-1159151331,Guangzhou,China,Asia,23.146927,113.323064,NOT_ELIGIBLE,"Geographic record only. Research destination-specific value, source, guest fit and live lodging before promotion."
NE-1159151405,Delhi,India,Asia,28.671939,77.228058,NOT_ELIGIBLE,"Geographic record only. Research destination-specific value, source, guest fit and live lodging before promotion."
NE-1159150839,Palembang,Indonesia,Asia,-2.978093,104.748084,NOT_ELIGIBLE,"Geographic record only. Research destination-specific value, source, guest fit and live lodging before promotion."
NE-1159149381,Adana,Turkey,Asia,36.996935,35.318058,NOT_ELIGIBLE,"Geographic record only. Research destination-specific value, source, guest fit and live lodging before promotion."
NE-1159147901,Ubon Ratchathani,Thailand,Asia,15.249959,104.830025,NOT_ELIGIBLE,"Geographic record only. Research destination-specific value, source, guest fit and live lodging before promotion."
NE-1159150145,Taraz,Kazakhstan,Asia,42.899977,71.364987,NOT_ELIGIBLE,"Geographic record only. Research destination-specific value, source, guest fit and live lodging before promotion."
NE-1159150893,Nagasaki,Japan,Asia,32.764988,129.885033,NOT_ELIGIBLE,"Geographic record only. Research destination-specific value, source, guest fit and live lodging before promotion."
NE-1159147553,Can Tho,Vietnam,Asia,10.049993,105.770019,NOT_ELIGIBLE,"Geographic record only. Research destination-specific value, source, guest fit and live lodging before promotion."
NE-1159150651,Peshawar,Pakistan,Asia,34.006962,71.533057,NOT_ELIGIBLE,"Geographic record only. Research destination-specific value, source, guest fit and live lodging before promotion."
NE-1159149607,General Santos,Philippines,Asia,6.110827,125.174726,NOT_ELIGIBLE,"Geographic record only. Research destination-specific value, source, guest fit and live lodging before promotion."
NE-1159146481,Kelang,Malaysia,Asia,3.022316,101.548072,NOT_ELIGIBLE,"Geographic record only. Research destination-specific value, source, guest fit and live lodging before promotion."
NE-1159149445,Tabuk,Saudi Arabia,Asia,28.383835,36.554967,NOT_ELIGIBLE,"Geographic record only. Research destination-specific value, source, guest fit and live lodging before promotion."
NE-1159149341,Nukus,Uzbekistan,Asia,42.470003,59.615007,NOT_ELIGIBLE,"Geographic record only. Research destination-specific value, source, guest fit and live lodging before promotion."
NE-1159149597,Gwangju,South Korea,Asia,35.172912,126.908488,NOT_ELIGIBLE,"Geographic record only. Research destination-specific value, source, guest fit and live lodging before promotion."
NE-1159150459,Magong,Taiwan,Asia,23.566667,119.583333,NOT_ELIGIBLE,"Geographic record only. Research destination-specific value, source, guest fit and live lodging before promotion."
NE-1159149711,Dalandzadgad,Mongolia,Asia,43.583553,104.440281,NOT_ELIGIBLE,"Geographic record only. Research destination-specific value, source, guest fit and live lodging before promotion."
NE-1159144661,Kompong Chhnang,Cambodia,Asia,12.250478,104.666624,NOT_ELIGIBLE,"Geographic record only. Research destination-specific value, source, guest fit and live lodging before promotion."
NE-1159136491,Nepalganj,Nepal,Asia,28.050341,81.616661,NOT_ELIGIBLE,"Geographic record only. Research destination-specific value, source, guest fit and live lodging before promotion."
NE-1159147851,Rangpur,Bangladesh,Asia,25.750016,89.280018,NOT_ELIGIBLE,"Geographic record only. Research destination-specific value, source, guest fit and live lodging before promotion."
NE-1159148171,Anuradhapura,Sri Lanka,Asia,8.349993,80.3833,NOT_ELIGIBLE,"Geographic record only. Research destination-specific value, source, guest fit and live lodging before promotion."
NE-1159136449,Balykchy,Kyrgyzstan,Asia,42.456025,76.185365,NOT_ELIGIBLE,"Geographic record only. Research destination-specific value, source, guest fit and live lodging before promotion."
NE-1159144581,Lankaran,Azerbaijan,Asia,38.754003,48.851064,NOT_ELIGIBLE,"Geographic record only. Research destination-specific value, source, guest fit and live lodging before promotion."
NE-1159147533,Dasoguz,Turkmenistan,Asia,41.83999,59.96496,NOT_ELIGIBLE,"Geographic record only. Research destination-specific value, source, guest fit and live lodging before promotion."
NE-1159129733,Irbid,Jordan,Asia,32.549989,35.849998,NOT_ELIGIBLE,"Geographic record only. Research destination-specific value, source, guest fit and live lodging before promotion."
NE-1159139153,Thakhek,Laos,Asia,17.411197,104.836123,NOT_ELIGIBLE,"Geographic record only. Research destination-specific value, source, guest fit and live lodging before promotion."
NE-1159134349,Kulob,Tajikistan,Asia,37.92116,69.77573,NOT_ELIGIBLE,"Geographic record only. Research destination-specific value, source, guest fit and live lodging before promotion."
NE-1159134281,Al Fujayrah,United Arab Emirates,Asia,25.123439,56.337481,NOT_ELIGIBLE,"Geographic record only. Research destination-specific value, source, guest fit and live lodging before promotion."
NE-1159148149,Nizwa,Oman,Asia,22.92639,57.531413,NOT_ELIGIBLE,"Geographic record only. Research destination-specific value, source, guest fit and live lodging before promotion."
NE-1159120381,Artashat,Armenia,Asia,39.953889,44.550556,NOT_ELIGIBLE,"Geographic record only. Research destination-specific value, source, guest fit and live lodging before promotion."
NE-1159142257,Poti,Georgia,Asia,42.155656,41.671606,NOT_ELIGIBLE,"Geographic record only. Research destination-specific value, source, guest fit and live lodging before promotion."
NE-1159130717,Beer Sheva,Israel,Asia,31.250016,34.830008,NOT_ELIGIBLE,"Geographic record only. Research destination-specific value, source, guest fit and live lodging before promotion."
NE-1159119221,Nabatiye et Tahta,Lebanon,Asia,33.383304,35.450002,NOT_ELIGIBLE,"Geographic record only. Research destination-specific value, source, guest fit and live lodging before promotion."
NE-1159151215,Shenzhen,China,Asia,22.554316,114.120177,NOT_ELIGIBLE,"Geographic record only. Research destination-specific value, source, guest fit and live lodging before promotion."
NE-1159151431,Chennai,India,Asia,13.091934,80.278053,NOT_ELIGIBLE,"Geographic record only. Research destination-specific value, source, guest fit and live lodging before promotion."
NE-1159150837,Semarang,Indonesia,Asia,-6.964672,110.418074,NOT_ELIGIBLE,"Geographic record only. Research destination-specific value, source, guest fit and live lodging before promotion."
NE-1159149379,Konya,Turkey,Asia,37.876958,32.473064,NOT_ELIGIBLE,"Geographic record only. Research destination-specific value, source, guest fit and live lodging before promotion."
NE-1159146329,Khon Kaen,Thailand,Asia,16.420043,102.830044,NOT_ELIGIBLE,"Geographic record only. Research destination-specific value, source, guest fit and live lodging before promotion."
NE-1159150117,Pavlodar,Kazakhstan,Asia,52.299998,76.950021,NOT_ELIGIBLE,"Geographic record only. Research destination-specific value, source, guest fit and live lodging before promotion."
NE-1159149959,Nagoya,Japan,Asia,35.156943,136.913046,NOT_ELIGIBLE,"Geographic record only. Research destination-specific value, source, guest fit and live lodging before promotion."
NE-1159147549,Hue,Vietnam,Asia,16.469988,107.580038,NOT_ELIGIBLE,"Geographic record only. Research destination-specific value, source, guest fit and live lodging before promotion."
NE-1159150645,Islamabad,Pakistan,Asia,33.701942,73.164689,NOT_ELIGIBLE,"Geographic record only. Research destination-specific value, source, guest fit and live lodging before promotion."
NE-1159149601,Zamboanga,Philippines,Asia,6.921923,122.078085,NOT_ELIGIBLE,"Geographic record only. Research destination-specific value, source, guest fit and live lodging before promotion."
NE-1159146479,Johor Bahru,Malaysia,Asia,1.481971,103.728094,NOT_ELIGIBLE,"Geographic record only. Research destination-specific value, source, guest fit and live lodging before promotion."
NE-1159146455,Al Hufuf,Saudi Arabia,Asia,25.348749,49.585593,NOT_ELIGIBLE,"Geographic record only. Research destination-specific value, source, guest fit and live lodging before promotion."
NE-1159146321,Fargona,Uzbekistan,Asia,40.389975,71.780001,NOT_ELIGIBLE,"Geographic record only. Research destination-specific value, source, guest fit and live lodging before promotion."
NE-1159146599,Daegu,South Korea,Asia,35.868735,128.605026,NOT_ELIGIBLE,"Geographic record only. Research destination-specific value, source, guest fit and live lodging before promotion."
NE-1159149109,Tainan,Taiwan,Asia,23.000003,120.200043,NOT_ELIGIBLE,"Geographic record only. Research destination-specific value, source, guest fit and live lodging before promotion."
NE-1159146851,Darhan,Mongolia,Asia,49.616699,106.350035,NOT_ELIGIBLE,"Geographic record only. Research destination-specific value, source, guest fit and live lodging before promotion."
NE-1159144651,Pursat,Cambodia,Asia,12.533691,103.916696,NOT_ELIGIBLE,"Geographic record only. Research destination-specific value, source, guest fit and live lodging before promotion."
NE-1159128413,Lalitpur,Nepal,Asia,27.666618,85.333334,NOT_ELIGIBLE,"Geographic record only. Research destination-specific value, source, guest fit and live lodging before promotion."
NE-1159145159,Comilla,Bangladesh,Asia,23.470414,91.16998,NOT_ELIGIBLE,"Geographic record only. Research destination-specific value, source, guest fit and live lodging before promotion."
NE-1159146379,Galle,Sri Lanka,Asia,6.030005,80.240001,NOT_ELIGIBLE,"Geographic record only. Research destination-specific value, source, guest fit and live lodging before promotion."
NE-1159136473,Talas,Kyrgyzstan,Asia,42.518372,72.242918,NOT_ELIGIBLE,"Geographic record only. Research destination-specific value, source, guest fit and live lodging before promotion."
NE-1159144591,Stepanakert,Azerbaijan,Asia,39.815643,46.751968,NOT_ELIGIBLE,"Geographic record only. Research destination-specific value, source, guest fit and live lodging before promotion."
NE-1159134289,Balkanabat,Turkmenistan,Asia,39.51238,54.36494,NOT_ELIGIBLE,"Geographic record only. Research destination-specific value, source, guest fit and live lodging before promotion."
NE-1159129739,As Salt,Jordan,Asia,32.039193,35.727214,NOT_ELIGIBLE,"Geographic record only. Research destination-specific value, source, guest fit and live lodging before promotion."
NE-1159139143,Phonsavan,Laos,Asia,19.451896,103.195997,NOT_ELIGIBLE,"Geographic record only. Research destination-specific value, source, guest fit and live lodging before promotion."
NE-1159127083,Qurghonteppa,Tajikistan,Asia,37.837315,68.771347,NOT_ELIGIBLE,"Geographic record only. Research destination-specific value, source, guest fit and live lodging before promotion."
NE-1159126943,Sharjah,United Arab Emirates,Asia,25.371383,55.406478,NOT_ELIGIBLE,"Geographic record only. Research destination-specific value, source, guest fit and live lodging before promotion."
NE-1159148153,Sur,Oman,Asia,22.575817,59.534805,NOT_ELIGIBLE,"Geographic record only. Research destination-specific value, source, guest fit and live lodging before promotion."
NE-1159120297,Ashtarak,Armenia,Asia,40.301667,44.359167,NOT_ELIGIBLE,"Geographic record only. Research destination-specific value, source, guest fit and live lodging before promotion."
NE-1159130705,Kutaisi,Georgia,Asia,42.249991,42.729991,NOT_ELIGIBLE,"Geographic record only. Research destination-specific value, source, guest fit and live lodging before promotion."
NE-1159119203,Ramla,Israel,Asia,31.9167,34.866703,NOT_ELIGIBLE,"Geographic record only. Research destination-specific value, source, guest fit and live lodging before promotion."
NE-1159151367,Wuhan,China,Asia,30.581977,114.268071,NOT_ELIGIBLE,"Geographic record only. Research destination-specific value, source, guest fit and live lodging before promotion."
NE-1159151407,Hyderabad,India,Asia,17.401929,78.478008,NOT_ELIGIBLE,"Geographic record only. Research destination-specific value, source, guest fit and live lodging before promotion."
NE-1159150843,Makassar,Indonesia,Asia,-5.138013,119.430082,NOT_ELIGIBLE,"Geographic record only. Research destination-specific value, source, guest fit and live lodging before promotion."
NE-1159149377,Samsun,Turkey,Asia,41.279998,36.343663,NOT_ELIGIBLE,"Geographic record only. Research destination-specific value, source, guest fit and live lodging before promotion."
NE-1159147891,Nakhon Si Thammarat,Thailand,Asia,8.39999,99.970011,NOT_ELIGIBLE,"Geographic record only. Research destination-specific value, source, guest fit and live lodging before promotion."
NE-1159150121,Oskemen,Kazakhstan,Asia,49.990035,82.614947,NOT_ELIGIBLE,"Geographic record only. Research destination-specific value, source, guest fit and live lodging before promotion."
NE-1159151613,Paris,France,Europe,48.868639,2.33139,NOT_ELIGIBLE,"Geographic record only. Research destination-specific value, source, guest fit and live lodging before promotion."
NE-1159151529,Berlin,Germany,Europe,52.523765,13.399603,NOT_ELIGIBLE,"Geographic record only. Research destination-specific value, source, guest fit and live lodging before promotion."
NE-1159151593,Rome,Italy,Europe,41.897902,12.481313,NOT_ELIGIBLE,"Geographic record only. Research destination-specific value, source, guest fit and live lodging before promotion."
NE-1159151577,London,United Kingdom,Europe,51.501941,-0.118668,NOT_ELIGIBLE,"Geographic record only. Research destination-specific value, source, guest fit and live lodging before promotion."
NE-1159151263,Bucharest,Romania,Europe,44.435318,26.098001,NOT_ELIGIBLE,"Geographic record only. Research destination-specific value, source, guest fit and live lodging before promotion."
NE-1159151507,Stockholm,Sweden,Europe,59.352706,18.095389,NOT_ELIGIBLE,"Geographic record only. Research destination-specific value, source, guest fit and live lodging before promotion."
NE-1159151281,Oslo,Norway,Europe,59.918636,10.748033,NOT_ELIGIBLE,"Geographic record only. Research destination-specific value, source, guest fit and live lodging before promotion."
NE-1159151299,Warsaw,Poland,Europe,52.251947,20.998054,NOT_ELIGIBLE,"Geographic record only. Research destination-specific value, source, guest fit and live lodging before promotion."
NE-1159151273,Lisbon,Portugal,Europe,38.724669,-9.146812,NOT_ELIGIBLE,"Geographic record only. Research destination-specific value, source, guest fit and live lodging before promotion."
NE-1159151117,Tirana,Albania,Europe,41.327541,19.818883,NOT_ELIGIBLE,"Geographic record only. Research destination-specific value, source, guest fit and live lodging before promotion."
NE-1159151257,Budapest,Hungary,Europe,47.501952,19.081375,NOT_ELIGIBLE,"Geographic record only. Research destination-specific value, source, guest fit and live lodging before promotion."
NE-1159151419,Helsinki,Finland,Europe,60.177509,24.932181,NOT_ELIGIBLE,"Geographic record only. Research destination-specific value, source, guest fit and live lodging before promotion."
NE-1159151147,Sofia,Bulgaria,Europe,42.685295,23.314708,NOT_ELIGIBLE,"Geographic record only. Research destination-specific value, source, guest fit and live lodging before promotion."
NE-1159151519,Amsterdam,Netherlands,Europe,52.351915,4.914694,NOT_ELIGIBLE,"Geographic record only. Research destination-specific value, source, guest fit and live lodging before promotion."
NE-1159151359,Prague,Czechia,Europe,50.085283,14.464034,NOT_ELIGIBLE,"Geographic record only. Research destination-specific value, source, guest fit and live lodging before promotion."
NE-1159151437,Kobenhavn,Denmark,Europe,55.68051,12.56154,NOT_ELIGIBLE,"Geographic record only. Research destination-specific value, source, guest fit and live lodging before promotion."
NE-1159151309,Dublin,Ireland,Europe,53.335007,-6.250852,NOT_ELIGIBLE,"Geographic record only. Research destination-specific value, source, guest fit and live lodging before promotion."
NE-1159150875,Zagreb,Croatia,Europe,45.800007,15.999995,NOT_ELIGIBLE,"Geographic record only. Research destination-specific value, source, guest fit and live lodging before promotion."
NE-1159151465,Brussels,Belgium,Europe,50.835263,4.331371,NOT_ELIGIBLE,"Geographic record only. Research destination-specific value, source, guest fit and live lodging before promotion."
NE-1159151563,Vienna,Austria,Europe,48.201961,16.364693,NOT_ELIGIBLE,"Geographic record only. Research destination-specific value, source, guest fit and live lodging before promotion."
NE-1159150877,Tallinn,Estonia,Europe,59.433877,24.728041,NOT_ELIGIBLE,"Geographic record only. Research destination-specific value, source, guest fit and live lodging before promotion."
NE-1159149463,Bratislava,Slovakia,Europe,48.150018,17.116981,NOT_ELIGIBLE,"Geographic record only. Research destination-specific value, source, guest fit and live lodging before promotion."
NE-1159151079,Belgrade,Serbia,Europe,44.820591,20.466045,NOT_ELIGIBLE,"Geographic record only. Research destination-specific value, source, guest fit and live lodging before promotion."
NE-1159150811,Riga,Latvia,Europe,56.950024,24.099965,NOT_ELIGIBLE,"Geographic record only. Research destination-specific value, source, guest fit and live lodging before promotion."
NE-1159151177,Sarajevo,Bosnia and Herzegovina,Europe,43.850022,18.383002,NOT_ELIGIBLE,"Geographic record only. Research destination-specific value, source, guest fit and live lodging before promotion."
NE-1159150677,Chisinau,Moldova,Europe,47.005024,28.857711,NOT_ELIGIBLE,"Geographic record only. Research destination-specific value, source, guest fit and live lodging before promotion."
NE-1159150809,Vilnius,Lithuania,Europe,54.683366,25.316635,NOT_ELIGIBLE,"Geographic record only. Research destination-specific value, source, guest fit and live lodging before promotion."
NE-1159150587,Reykjavik,Iceland,Europe,64.150024,-21.950015,NOT_ELIGIBLE,"Geographic record only. Research destination-specific value, source, guest fit and live lodging before promotion."
NE-1159149757,Pristina,Kosovo,Europe,42.66671,21.165984,NOT_ELIGIBLE,"Geographic record only. Research destination-specific value, source, guest fit and live lodging before promotion."
NE-1159150073,Skopje,North Macedonia,Europe,42.000006,21.433462,NOT_ELIGIBLE,"Geographic record only. Research destination-specific value, source, guest fit and live lodging before promotion."
NE-1159149461,Ljubljana,Slovenia,Europe,46.055288,14.514969,NOT_ELIGIBLE,"Geographic record only. Research destination-specific value, source, guest fit and live lodging before promotion."
NE-1159119239,Mariehamn,Aland,Europe,60.096996,19.949005,NOT_ELIGIBLE,"Geographic record only. Research destination-specific value, source, guest fit and live lodging before promotion."
NE-1159146037,Douglas,Isle of Man,Europe,54.150427,-4.480021,NOT_ELIGIBLE,"Geographic record only. Research destination-specific value, source, guest fit and live lodging before promotion."
NE-1159146051,San Marino,San Marino,Europe,43.936096,12.44177,NOT_ELIGIBLE,"Geographic record only. Research destination-specific value, source, guest fit and live lodging before promotion."
NE-1159146061,Vaduz,Liechtenstein,Europe,47.133724,9.51667,NOT_ELIGIBLE,"Geographic record only. Research destination-specific value, source, guest fit and live lodging before promotion."
NE-1159146301,Gibraltar,Gibraltar,Europe,36.132435,-5.378075,NOT_ELIGIBLE,"Geographic record only. Research destination-specific value, source, guest fit and live lodging before promotion."
NE-1159146433,Longyearbyen,Svalbard and Jan Mayen Islands,Europe,78.216684,15.549996,NOT_ELIGIBLE,"Geographic record only. Research destination-specific value, source, guest fit and live lodging before promotion."
NE-1159146437,Luxembourg,Luxembourg,Europe,49.61166,6.130003,NOT_ELIGIBLE,"Geographic record only. Research destination-specific value, source, guest fit and live lodging before promotion."
NE-1159146943,Torshavn,Faroe Islands,Europe,62.030024,-6.820034,NOT_ELIGIBLE,"Geographic record only. Research destination-specific value, source, guest fit and live lodging before promotion."
NE-1159149077,Monaco,Monaco,Europe,43.739646,7.406913,NOT_ELIGIBLE,"Geographic record only. Research destination-specific value, source, guest fit and live lodging before promotion."
NE-1159149089,Andorra,Andorra,Europe,42.500001,1.516486,NOT_ELIGIBLE,"Geographic record only. Research destination-specific value, source, guest fit and live lodging before promotion."
NE-1159149511,Podgorica,Montenegro,Europe,42.465973,19.266307,NOT_ELIGIBLE,"Geographic record only. Research destination-specific value, source, guest fit and live lodging before promotion."
NE-1159151199,Valletta,Malta,Europe,35.899733,14.514711,NOT_ELIGIBLE,"Geographic record only. Research destination-specific value, source, guest fit and live lodging before promotion."
NE-1159150845,Lyon,France,Europe,45.771954,4.828085,NOT_ELIGIBLE,"Geographic record only. Research destination-specific value, source, guest fit and live lodging before promotion."
NE-1159151351,Frankfurt,Germany,Europe,50.099977,8.675015,NOT_ELIGIBLE,"Geographic record only. Research destination-specific value, source, guest fit and live lodging before promotion."
NE-1159151315,Milan,Italy,Europe,45.471921,9.203063,NOT_ELIGIBLE,"Geographic record only. Research destination-specific value, source, guest fit and live lodging before promotion."
NE-1159150591,Glasgow,United Kingdom,Europe,55.876351,-4.252653,NOT_ELIGIBLE,"Geographic record only. Research destination-specific value, source, guest fit and live lodging before promotion."
NE-1159149403,Iasi,Romania,Europe,47.168347,27.574947,NOT_ELIGIBLE,"Geographic record only. Research destination-specific value, source, guest fit and live lodging before promotion."
NE-1159149739,Malmo,Sweden,Europe,55.583337,13.033302,NOT_ELIGIBLE,"Geographic record only. Research destination-specific value, source, guest fit and live lodging before promotion."
NE-1159150643,Bergen,Norway,Europe,60.391002,5.324522,NOT_ELIGIBLE,"Geographic record only. Research destination-specific value, source, guest fit and live lodging before promotion."
NE-1159150955,Thessaloniki,Greece,Europe,40.698052,22.883055,NOT_ELIGIBLE,"Geographic record only. Research destination-specific value, source, guest fit and live lodging before promotion."
NE-1159149709,Krakow,Poland,Europe,50.061925,19.958066,NOT_ELIGIBLE,"Geographic record only. Research destination-specific value, source, guest fit and live lodging before promotion."
NE-1159149431,Ponta Delgada,Portugal,Europe,37.748302,-25.666584,NOT_ELIGIBLE,"Geographic record only. Research destination-specific value, source, guest fit and live lodging before promotion."
NE-1159144547,Shkoder,Albania,Europe,42.068452,19.51885,NOT_ELIGIBLE,"Geographic record only. Research destination-specific value, source, guest fit and live lodging before promotion."
NE-1159135463,Miskolc,Hungary,Europe,48.100409,20.780013,NOT_ELIGIBLE,"Geographic record only. Research destination-specific value, source, guest fit and live lodging before promotion."
NE-1159150103,Tampere,Finland,Europe,61.500005,23.750013,NOT_ELIGIBLE,"Geographic record only. Research destination-specific value, source, guest fit and live lodging before promotion."
NE-1159149053,Burgas,Bulgaria,Europe,42.5146,27.474643,NOT_ELIGIBLE,"Geographic record only. Research destination-specific value, source, guest fit and live lodging before promotion."
NE-1159149457,The Hague,Netherlands,Europe,52.080037,4.269961,NOT_ELIGIBLE,"Geographic record only. Research destination-specific value, source, guest fit and live lodging before promotion."
NE-1159140693,Ostrava,Czechia,Europe,49.830355,18.249987,NOT_ELIGIBLE,"Geographic record only. Research destination-specific value, source, guest fit and live lodging before promotion."
NE-1159148699,Aarhus,Denmark,Europe,56.157204,10.210684,NOT_ELIGIBLE,"Geographic record only. Research destination-specific value, source, guest fit and live lodging before promotion."
NE-1159146869,Cork,Ireland,Europe,51.898601,-8.495771,NOT_ELIGIBLE,"Geographic record only. Research destination-specific value, source, guest fit and live lodging before promotion."
NE-1159140363,Split,Croatia,Europe,43.520404,16.469992,NOT_ELIGIBLE,"Geographic record only. Research destination-specific value, source, guest fit and live lodging before promotion."
NE-1159147705,Antwerpen,Belgium,Europe,51.222319,4.413071,NOT_ELIGIBLE,"Geographic record only. Research destination-specific value, source, guest fit and live lodging before promotion."
NE-1159145093,Linz,Austria,Europe,48.319233,14.288781,NOT_ELIGIBLE,"Geographic record only. Research destination-specific value, source, guest fit and live lodging before promotion."
NE-1159148453,Tartu,Estonia,Europe,58.383942,26.709884,NOT_ELIGIBLE,"Geographic record only. Research destination-specific value, source, guest fit and live lodging before promotion."
NE-1159136365,Kosice,Slovakia,Europe,48.730448,21.25001,NOT_ELIGIBLE,"Geographic record only. Research destination-specific value, source, guest fit and live lodging before promotion."
NE-1159144045,Nis,Serbia,Europe,43.330416,21.899996,NOT_ELIGIBLE,"Geographic record only. Research destination-specific value, source, guest fit and live lodging before promotion."
NE-1159148307,Daugavpils,Latvia,Europe,55.87996,26.509999,NOT_ELIGIBLE,"Geographic record only. Research destination-specific value, source, guest fit and live lodging before promotion."
NE-1159145889,Banja Luka,Bosnia and Herzegovina,Europe,44.780405,17.179974,NOT_ELIGIBLE,"Geographic record only. Research destination-specific value, source, guest fit and live lodging before promotion."
NE-1159136941,Tiraspol,Moldova,Europe,46.853095,29.639989,NOT_ELIGIBLE,"Geographic record only. Research destination-specific value, source, guest fit and live lodging before promotion."
NE-1159136375,Kaunas,Lithuania,Europe,54.950404,23.880031,NOT_ELIGIBLE,"Geographic record only. Research destination-specific value, source, guest fit and live lodging before promotion."
NE-1159147673,Akureyri,Iceland,Europe,65.666572,-18.100017,NOT_ELIGIBLE,"Geographic record only. Research destination-specific value, source, guest fit and live lodging before promotion."
NE-1159136207,Pec,Kosovo,Europe,42.660328,20.310739,NOT_ELIGIBLE,"Geographic record only. Research destination-specific value, source, guest fit and live lodging before promotion."
NE-1159138957,Bitola,North Macedonia,Europe,41.039057,21.339514,NOT_ELIGIBLE,"Geographic record only. Research destination-specific value, source, guest fit and live lodging before promotion."
NE-1159135827,Maribor,Slovenia,Europe,46.540478,15.650042,NOT_ELIGIBLE,"Geographic record only. Research destination-specific value, source, guest fit and live lodging before promotion."
NE-1159150911,Cayenne,France,Europe,4.932992,-52.330021,NOT_ELIGIBLE,"Geographic record only. Research destination-specific value, source, guest fit and live lodging before promotion."
NE-1159151353,Hamburg,Germany,Europe,53.551971,9.998053,NOT_ELIGIBLE,"Geographic record only. Research destination-specific value, source, guest fit and live lodging before promotion."
NE-1159151313,Naples,Italy,Europe,40.841971,14.243066,NOT_ELIGIBLE,"Geographic record only. Research destination-specific value, source, guest fit and live lodging before promotion."
NE-1159149367,Birmingham,United Kingdom,Europe,52.47692,-1.921943,NOT_ELIGIBLE,"Geographic record only. Research destination-specific value, source, guest fit and live lodging before promotion."
NE-1159149397,Constanta,Romania,Europe,44.202662,28.609974,NOT_ELIGIBLE,"Geographic record only. Research destination-specific value, source, guest fit and live lodging before promotion."
NE-1159149401,Sundsvall,Sweden,Europe,62.400053,17.316659,NOT_ELIGIBLE,"Geographic record only. Research destination-specific value, source, guest fit and live lodging before promotion."
NE-1159150641,Trondheim,Norway,Europe,63.416658,10.416666,NOT_ELIGIBLE,"Geographic record only. Research destination-specific value, source, guest fit and live lodging before promotion."
NE-1159147263,Patra,Greece,Europe,38.230004,21.729981,NOT_ELIGIBLE,"Geographic record only. Research destination-specific value, source, guest fit and live lodging before promotion."
NE-1159149707,Gdansk,Poland,Europe,54.359975,18.64004,NOT_ELIGIBLE,"Geographic record only. Research destination-specific value, source, guest fit and live lodging before promotion."
NE-1159149737,Bern,Switzerland,Europe,46.916683,7.466976,NOT_ELIGIBLE,"Geographic record only. Research destination-specific value, source, guest fit and live lodging before promotion."
NE-1159146429,Porto,Portugal,Europe,41.151952,-8.621947,NOT_ELIGIBLE,"Geographic record only. Research destination-specific value, source, guest fit and live lodging before promotion."
NE-1159144543,Durres,Albania,Europe,41.3178,19.448208,NOT_ELIGIBLE,"Geographic record only. Research destination-specific value, source, guest fit and live lodging before promotion."
NE-1159135471,Debrecen,Hungary,Europe,47.53047,21.630039,NOT_ELIGIBLE,"Geographic record only. Research destination-specific value, source, guest fit and live lodging before promotion."
NE-1159150101,Vaasa,Finland,Europe,63.099984,21.600015,NOT_ELIGIBLE,"Geographic record only. Research destination-specific value, source, guest fit and live lodging before promotion."
NE-1159145075,Varna,Bulgaria,Europe,43.215643,27.895289,NOT_ELIGIBLE,"Geographic record only. Research destination-specific value, source, guest fit and live lodging before promotion."
NE-1159146435,Rotterdam,Netherlands,Europe,51.921915,4.478029,NOT_ELIGIBLE,"Geographic record only. Research destination-specific value, source, guest fit and live lodging before promotion."
NE-1159140661,Brno,Czechia,Europe,49.200394,16.609983,NOT_ELIGIBLE,"Geographic record only. Research destination-specific value, source, guest fit and live lodging before promotion."
NE-1159143035,Odense,Denmark,Europe,55.400377,10.383335,NOT_ELIGIBLE,"Geographic record only. Research destination-specific value, source, guest fit and live lodging before promotion."
NE-1159148285,Limerick,Ireland,Europe,52.664704,-8.62305,NOT_ELIGIBLE,"Geographic record only. Research destination-specific value, source, guest fit and live lodging before promotion."
NE-1159140689,Osijek,Croatia,Europe,45.550384,18.680038,NOT_ELIGIBLE,"Geographic record only. Research destination-specific value, source, guest fit and live lodging before promotion."
NE-1159144561,Charleroi,Belgium,Europe,50.420397,4.450002,NOT_ELIGIBLE,"Geographic record only. Research destination-specific value, source, guest fit and live lodging before promotion."
NE-1159145083,Graz,Austria,Europe,47.077758,15.410005,NOT_ELIGIBLE,"Geographic record only. Research destination-specific value, source, guest fit and live lodging before promotion."
NE-1159148515,Parnu,Estonia,Europe,58.374743,24.513584,NOT_ELIGIBLE,"Geographic record only. Research destination-specific value, source, guest fit and live lodging before promotion."
NE-1159136371,Presov,Slovakia,Europe,48.999734,21.239365,NOT_ELIGIBLE,"Geographic record only. Research destination-specific value, source, guest fit and live lodging before promotion."
NE-1159144059,Novi Sad,Serbia,Europe,45.250376,19.849941,NOT_ELIGIBLE,"Geographic record only. Research destination-specific value, source, guest fit and live lodging before promotion."
NE-1159146449,Liepaga,Latvia,Europe,56.509973,21.010025,NOT_ELIGIBLE,"Geographic record only. Research destination-specific value, source, guest fit and live lodging before promotion."
NE-1159145043,Mostar,Bosnia and Herzegovina,Europe,43.350492,17.820039,NOT_ELIGIBLE,"Geographic record only. Research destination-specific value, source, guest fit and live lodging before promotion."
NE-1159136931,Balti,Moldova,Europe,47.759086,27.905315,NOT_ELIGIBLE,"Geographic record only. Research destination-specific value, source, guest fit and live lodging before promotion."
NE-1159136351,Klaipeda,Lithuania,Europe,55.720409,21.119941,NOT_ELIGIBLE,"Geographic record only. Research destination-specific value, source, guest fit and live lodging before promotion."
NE-1159147675,Keflavik,Iceland,Europe,64.016647,-22.566592,NOT_ELIGIBLE,"Geographic record only. Research destination-specific value, source, guest fit and live lodging before promotion."
NE-1159128447,Prizren,Kosovo,Europe,42.22932,20.750092,NOT_ELIGIBLE,"Geographic record only. Research destination-specific value, source, guest fit and live lodging before promotion."
NE-1159129473,Tetovo,North Macedonia,Europe,42.00923,20.970079,NOT_ELIGIBLE,"Geographic record only. Research destination-specific value, source, guest fit and live lodging before promotion."
NE-1159150037,Marseille,France,Europe,43.291925,5.373064,NOT_ELIGIBLE,"Geographic record only. Research destination-specific value, source, guest fit and live lodging before promotion."
NE-1159151357,Munich,Germany,Europe,48.131888,11.573048,NOT_ELIGIBLE,"Geographic record only. Research destination-specific value, source, guest fit and live lodging before promotion."
NE-1159150805,Palermo,Italy,Europe,38.126969,13.348081,NOT_ELIGIBLE,"Geographic record only. Research destination-specific value, source, guest fit and live lodging before promotion."
NE-1159149119,Manchester,United Kingdom,Europe,53.502361,-2.249933,NOT_ELIGIBLE,"Geographic record only. Research destination-specific value, source, guest fit and live lodging before promotion."
NE-1159147889,Cluj-Napoca,Romania,Europe,46.788422,23.598446,NOT_ELIGIBLE,"Geographic record only. Research destination-specific value, source, guest fit and live lodging before promotion."
NE-1159149399,Lulea,Sweden,Europe,65.596635,22.158378,NOT_ELIGIBLE,"Geographic record only. Research destination-specific value, source, guest fit and live lodging before promotion."
NE-1159150639,Tromso,Norway,Europe,69.635076,18.992025,NOT_ELIGIBLE,"Geographic record only. Research destination-specific value, source, guest fit and live lodging before promotion."
NE-1159148617,Iraklio,Greece,Europe,35.325013,25.130497,NOT_ELIGIBLE,"Geographic record only. Research destination-specific value, source, guest fit and live lodging before promotion."
NE-1159148225,Lodz,Poland,Europe,51.776937,19.449414,NOT_ELIGIBLE,"Geographic record only. Research destination-specific value, source, guest fit and live lodging before promotion."
NE-1159135709,Basel,Switzerland,Europe,47.580389,7.590017,NOT_ELIGIBLE,"Geographic record only. Research destination-specific value, source, guest fit and live lodging before promotion."
NE-1159147945,Funchal,Portugal,Europe,32.649983,-16.88004,NOT_ELIGIBLE,"Geographic record only. Research destination-specific value, source, guest fit and live lodging before promotion."
NE-1159132145,Elbasan,Albania,Europe,41.121507,20.083828,NOT_ELIGIBLE,"Geographic record only. Research destination-specific value, source, guest fit and live lodging before promotion."
NE-1159135467,Szeged,Hungary,Europe,46.250393,20.150026,NOT_ELIGIBLE,"Geographic record only. Research destination-specific value, source, guest fit and live lodging before promotion."
NE-1159150099,Rovaniemi,Finland,Europe,66.500035,25.715939,NOT_ELIGIBLE,"Geographic record only. Research destination-specific value, source, guest fit and live lodging before promotion."
NE-1159145079,Ruse,Bulgaria,Europe,43.853691,25.973339,NOT_ELIGIBLE,"Geographic record only. Research destination-specific value, source, guest fit and live lodging before promotion."
NE-1159136319,Utrecht,Netherlands,Europe,52.100346,5.120039,NOT_ELIGIBLE,"Geographic record only. Research destination-specific value, source, guest fit and live lodging before promotion."
NE-1159140617,Pizen,Czechia,Europe,49.740438,13.360001,NOT_ELIGIBLE,"Geographic record only. Research destination-specific value, source, guest fit and live lodging before promotion."
NE-1159143049,Aalborg,Denmark,Europe,57.033714,9.916593,NOT_ELIGIBLE,"Geographic record only. Research destination-specific value, source, guest fit and live lodging before promotion."
NE-1159139399,Galway,Ireland,Europe,53.272393,-9.048812,NOT_ELIGIBLE,"Geographic record only. Research destination-specific value, source, guest fit and live lodging before promotion."
NE-1159140367,Zadar,Croatia,Europe,44.120135,15.262262,NOT_ELIGIBLE,"Geographic record only. Research destination-specific value, source, guest fit and live lodging before promotion."
NE-1159144553,Brugge,Belgium,Europe,51.220374,3.230025,NOT_ELIGIBLE,"Geographic record only. Research destination-specific value, source, guest fit and live lodging before promotion."
NE-1159145101,Salzburg,Austria,Europe,47.810478,13.04002,NOT_ELIGIBLE,"Geographic record only. Research destination-specific value, source, guest fit and live lodging before promotion."
NE-1159140697,Narva,Estonia,Europe,59.377628,28.160286,NOT_ELIGIBLE,"Geographic record only. Research destination-specific value, source, guest fit and live lodging before promotion."
NE-1159136359,Zilina,Slovakia,Europe,49.219824,18.749388,NOT_ELIGIBLE,"Geographic record only. Research destination-specific value, source, guest fit and live lodging before promotion."
NE-1159144041,Cacak,Serbia,Europe,43.889736,20.330118,NOT_ELIGIBLE,"Geographic record only. Research destination-specific value, source, guest fit and live lodging before promotion."
NE-1159136381,Jelgava,Latvia,Europe,56.652704,23.712806,NOT_ELIGIBLE,"Geographic record only. Research destination-specific value, source, guest fit and live lodging before promotion."
NE-1159145879,Tuzla,Bosnia and Herzegovina,Europe,44.550471,18.680038,NOT_ELIGIBLE,"Geographic record only. Research destination-specific value, source, guest fit and live lodging before promotion."
NE-1159136935,Cahul,Moldova,Europe,45.907881,28.194444,NOT_ELIGIBLE,"Geographic record only. Research destination-specific value, source, guest fit and live lodging before promotion."
NE-1159128255,Siauliai,Lithuania,Europe,55.938639,23.325026,NOT_ELIGIBLE,"Geographic record only. Research destination-specific value, source, guest fit and live lodging before promotion."
NE-1159147671,Isafjordur,Iceland,Europe,66.083317,-23.149967,NOT_ELIGIBLE,"Geographic record only. Research destination-specific value, source, guest fit and live lodging before promotion."
NE-1159150035,Bordeaux,France,Europe,44.851959,-0.596959,NOT_ELIGIBLE,"Geographic record only. Research destination-specific value, source, guest fit and live lodging before promotion."
NE-1159149871,Dresden,Germany,Europe,51.049971,13.750003,NOT_ELIGIBLE,"Geographic record only. Research destination-specific value, source, guest fit and live lodging before promotion."
NE-1159149751,Florence,Italy,Europe,43.780001,11.25,NOT_ELIGIBLE,"Geographic record only. Research destination-specific value, source, guest fit and live lodging before promotion."
NE-1159149369,Belfast,United Kingdom,Europe,54.600012,-5.960034,NOT_ELIGIBLE,"Geographic record only. Research destination-specific value, source, guest fit and live lodging before promotion."
NE-1159149435,Bilbao,Spain,Europe,43.249982,-2.929987,NOT_ELIGIBLE,"Geographic record only. Research destination-specific value, source, guest fit and live lodging before promotion."
NE-1159135835,Timisoara,Romania,Europe,45.758821,21.223448,NOT_ELIGIBLE,"Geographic record only. Research destination-specific value, source, guest fit and live lodging before promotion."
NE-1159148253,Goteborg,Sweden,Europe,57.750001,12.000032,NOT_ELIGIBLE,"Geographic record only. Research destination-specific value, source, guest fit and live lodging before promotion."
NE-1159149459,Kristiansand,Norway,Europe,58.166642,8.000018,NOT_ELIGIBLE,"Geographic record only. Research destination-specific value, source, guest fit and live lodging before promotion."
NE-1159148595,Kalamata,Greece,Europe,37.038914,22.114195,NOT_ELIGIBLE,"Geographic record only. Research destination-specific value, source, guest fit and live lodging before promotion."
NE-1159139075,Katowice,Poland,Europe,50.260381,19.020017,NOT_ELIGIBLE,"Geographic record only. Research destination-specific value, source, guest fit and live lodging before promotion."
NE-1159135705,Lausanne,Switzerland,Europe,46.530427,6.650023,NOT_ELIGIBLE,"Geographic record only. Research destination-specific value, source, guest fit and live lodging before promotion."
NE-1159146427,Setubal,Portugal,Europe,38.52996,-8.90001,NOT_ELIGIBLE,"Geographic record only. Research destination-specific value, source, guest fit and live lodging before promotion."
NE-1159132141,Vlore,Albania,Europe,40.47736,19.498231,NOT_ELIGIBLE,"Geographic record only. Research destination-specific value, source, guest fit and live lodging before promotion."
NE-1159135445,Pecs,Hungary,Europe,46.080429,18.220014,NOT_ELIGIBLE,"Geographic record only. Research destination-specific value, source, guest fit and live lodging before promotion."
NE-1159147279,Turku,Finland,Europe,60.453867,22.254962,NOT_ELIGIBLE,"Geographic record only. Research destination-specific value, source, guest fit and live lodging before promotion."
NE-1159145051,Stara Zagora,Bulgaria,Europe,42.423133,25.622715,NOT_ELIGIBLE,"Geographic record only. Research destination-specific value, source, guest fit and live lodging before promotion."
NE-1159136871,Haarlem,Netherlands,Europe,52.380432,4.629991,NOT_ELIGIBLE,"Geographic record only. Research destination-specific value, source, guest fit and live lodging before promotion."
NE-1159140657,Zlin,Czechia,Europe,49.230418,17.650023,NOT_ELIGIBLE,"Geographic record only. Research destination-specific value, source, guest fit and live lodging before promotion."
NE-1159143041,Esbjerg,Denmark,Europe,55.467039,8.450016,NOT_ELIGIBLE,"Geographic record only. Research destination-specific value, source, guest fit and live lodging before promotion."
NE-1159139395,Dundalk,Ireland,Europe,54.000411,-6.416673,NOT_ELIGIBLE,"Geographic record only. Research destination-specific value, source, guest fit and live lodging before promotion."
NE-1159140643,Pula,Croatia,Europe,44.86872,13.848085,NOT_ELIGIBLE,"Geographic record only. Research destination-specific value, source, guest fit and live lodging before promotion."
NE-1159144557,Namur,Belgium,Europe,50.470394,4.870028,NOT_ELIGIBLE,"Geographic record only. Research destination-specific value, source, guest fit and live lodging before promotion."
NE-1159145105,Innsbruck,Austria,Europe,47.280407,11.409991,NOT_ELIGIBLE,"Geographic record only. Research destination-specific value, source, guest fit and live lodging before promotion."
NE-1159130121,Kohtla-Jarve,Estonia,Europe,59.399978,27.283337,NOT_ELIGIBLE,"Geographic record only. Research destination-specific value, source, guest fit and live lodging before promotion."
NE-1159136355,Zvolen,Slovakia,Europe,48.583739,19.13324,NOT_ELIGIBLE,"Geographic record only. Research destination-specific value, source, guest fit and live lodging before promotion."
NE-1159131621,Kragujevac,Serbia,Europe,44.01996,20.920004,NOT_ELIGIBLE,"Geographic record only. Research destination-specific value, source, guest fit and live lodging before promotion."
NE-1159136347,Ventspils,Latvia,Europe,57.389868,21.560586,NOT_ELIGIBLE,"Geographic record only. Research destination-specific value, source, guest fit and live lodging before promotion."
NE-1159145885,Prijedor,Bosnia and Herzegovina,Europe,44.980393,16.700004,NOT_ELIGIBLE,"Geographic record only. Research destination-specific value, source, guest fit and live lodging before promotion."
NE-1159116487,Dubasari,Moldova,Europe,47.263056,29.160833,NOT_ELIGIBLE,"Geographic record only. Research destination-specific value, source, guest fit and live lodging before promotion."
NE-1159128249,Panevezys,Lithuania,Europe,55.74002,24.370026,NOT_ELIGIBLE,"Geographic record only. Research destination-specific value, source, guest fit and live lodging before promotion."
NE-1159146353,Hofn,Iceland,Europe,64.272315,-15.21386,NOT_ELIGIBLE,"Geographic record only. Research destination-specific value, source, guest fit and live lodging before promotion."
NE-1159150039,Le Havre,France,Europe,49.504974,0.10497,NOT_ELIGIBLE,"Geographic record only. Research destination-specific value, source, guest fit and live lodging before promotion."
NE-1159146949,Stuttgart,Germany,Europe,48.77998,9.199996,NOT_ELIGIBLE,"Geographic record only. Research destination-specific value, source, guest fit and live lodging before promotion."
NE-1159149755,Catania,Italy,Europe,37.499971,15.079999,NOT_ELIGIBLE,"Geographic record only. Research destination-specific value, source, guest fit and live lodging before promotion."
NE-1159146385,Leeds,United Kingdom,Europe,53.831953,-1.581963,NOT_ELIGIBLE,"Geographic record only. Research destination-specific value, source, guest fit and live lodging before promotion."
NE-1159149433,Vigo,Spain,Europe,42.220019,-8.729995,NOT_ELIGIBLE,"Geographic record only. Research destination-specific value, source, guest fit and live lodging before promotion."
NE-1159135859,Brasov,Romania,Europe,45.647535,25.60716,NOT_ELIGIBLE,"Geographic record only. Research destination-specific value, source, guest fit and live lodging before promotion."
NE-1159147887,Uppsala,Sweden,Europe,59.860053,17.639998,NOT_ELIGIBLE,"Geographic record only. Research destination-specific value, source, guest fit and live lodging before promotion."
NE-1159149467,Hammerfest,Norway,Europe,70.66128,23.688001,NOT_ELIGIBLE,"Geographic record only. Research destination-specific value, source, guest fit and live lodging before promotion."
NE-1159142201,Larissa,Greece,Europe,39.630409,22.420016,NOT_ELIGIBLE,"Geographic record only. Research destination-specific value, source, guest fit and live lodging before promotion."
NE-1159139051,Wroclaw,Poland,Europe,51.110432,17.030009,NOT_ELIGIBLE,"Geographic record only. Research destination-specific value, source, guest fit and live lodging before promotion."
NE-1159133953,Luzern,Switzerland,Europe,47.050421,8.280001,NOT_ELIGIBLE,"Geographic record only. Research destination-specific value, source, guest fit and live lodging before promotion."
NE-1159136139,Coimbra,Portugal,Europe,40.200374,-8.41668,NOT_ELIGIBLE,"Geographic record only. Research destination-specific value, source, guest fit and live lodging before promotion."
NE-1159119937,Fier,Albania,Europe,40.730004,19.573003,NOT_ELIGIBLE,"Geographic record only. Research destination-specific value, source, guest fit and live lodging before promotion."
NE-1159135449,Gyor,Hungary,Europe,47.700356,17.630024,NOT_ELIGIBLE,"Geographic record only. Research destination-specific value, source, guest fit and live lodging before promotion."
NE-1159148651,Oulu,Finland,Europe,64.999998,25.470011,NOT_ELIGIBLE,"Geographic record only. Research destination-specific value, source, guest fit and live lodging before promotion."
NE-1159145057,Pleven,Bulgaria,Europe,43.423769,24.613371,NOT_ELIGIBLE,"Geographic record only. Research destination-specific value, source, guest fit and live lodging before promotion."
NE-1159136311,Groningen,Netherlands,Europe,53.220407,6.580001,NOT_ELIGIBLE,"Geographic record only. Research destination-specific value, source, guest fit and live lodging before promotion."
NE-1159140667,Pardubice,Czechia,Europe,50.04042,15.760009,NOT_ELIGIBLE,"Geographic record only. Research destination-specific value, source, guest fit and live lodging before promotion."
NE-1159143033,Svendborg,Denmark,Europe,55.070423,10.616654,NOT_ELIGIBLE,"Geographic record only. Research destination-specific value, source, guest fit and live lodging before promotion."
NE-1159139391,Drogheda,Ireland,Europe,53.719265,-6.347763,NOT_ELIGIBLE,"Geographic record only. Research destination-specific value, source, guest fit and live lodging before promotion."
NE-1159140359,Dubrovnik,Croatia,Europe,42.660948,18.091392,NOT_ELIGIBLE,"Geographic record only. Research destination-specific value, source, guest fit and live lodging before promotion."
NE-1159132333,Liege,Belgium,Europe,50.629996,5.580011,NOT_ELIGIBLE,"Geographic record only. Research destination-specific value, source, guest fit and live lodging before promotion."
NE-1159145087,Klagenfurt,Austria,Europe,46.620344,14.31002,NOT_ELIGIBLE,"Geographic record only. Research destination-specific value, source, guest fit and live lodging before promotion."
NE-1159119053,Viljandi,Estonia,Europe,58.363889,25.59,NOT_ELIGIBLE,"Geographic record only. Research destination-specific value, source, guest fit and live lodging before promotion."
NE-1159128229,Banska Bystrica,Slovakia,Europe,48.73329,19.149983,NOT_ELIGIBLE,"Geographic record only. Research destination-specific value, source, guest fit and live lodging before promotion."
NE-1159151575,New York,United States of America,North America,40.751925,-73.981963,NOT_ELIGIBLE,"Geographic record only. Research destination-specific value, source, guest fit and live lodging before promotion."
NE-1159151557,Toronto,Canada,North America,43.701926,-79.421967,NOT_ELIGIBLE,"Geographic record only. Research destination-specific value, source, guest fit and live lodging before promotion."
NE-1159151401,Santo Domingo,Dominican Republic,North America,18.472019,-69.902031,NOT_ELIGIBLE,"Geographic record only. Research destination-specific value, source, guest fit and live lodging before promotion."
NE-1159151347,Havana,Cuba,North America,23.133905,-82.366128,NOT_ELIGIBLE,"Geographic record only. Research destination-specific value, source, guest fit and live lodging before promotion."
NE-1159150909,Guatemala,Guatemala,North America,14.623081,-90.528911,NOT_ELIGIBLE,"Geographic record only. Research destination-specific value, source, guest fit and live lodging before promotion."
NE-1159150939,Nuuk,Greenland,North America,64.198282,-51.732659,NOT_ELIGIBLE,"Geographic record only. Research destination-specific value, source, guest fit and live lodging before promotion."
NE-1159150623,Managua,Nicaragua,North America,12.154962,-86.270438,NOT_ELIGIBLE,"Geographic record only. Research destination-specific value, source, guest fit and live lodging before promotion."
NE-1159150853,San Salvador,El Salvador,North America,13.711948,-89.204987,NOT_ELIGIBLE,"Geographic record only. Research destination-specific value, source, guest fit and live lodging before promotion."
NE-1159150583,Tegucigalpa,Honduras,North America,14.103991,-87.219475,NOT_ELIGIBLE,"Geographic record only. Research destination-specific value, source, guest fit and live lodging before promotion."
NE-1159150855,Kingston,Jamaica,North America,17.977077,-76.767434,NOT_ELIGIBLE,"Geographic record only. Research destination-specific value, source, guest fit and live lodging before promotion."
NE-1159150667,Panama City,Panama,North America,8.969963,-79.534983,NOT_ELIGIBLE,"Geographic record only. Research destination-specific value, source, guest fit and live lodging before promotion."
NE-1159151109,Belmopan,Belize,North America,17.252034,-88.767073,NOT_ELIGIBLE,"Geographic record only. Research destination-specific value, source, guest fit and live lodging before promotion."
NE-1159151181,San Juan,Puerto Rico,North America,18.440023,-66.129979,NOT_ELIGIBLE,"Geographic record only. Research destination-specific value, source, guest fit and live lodging before promotion."
NE-1159149307,Port-of-Spain,Trinidad and Tobago,North America,10.651997,-61.517031,NOT_ELIGIBLE,"Geographic record only. Research destination-specific value, source, guest fit and live lodging before promotion."
NE-1159151207,Nassau,The Bahamas,North America,25.08339,-77.350044,NOT_ELIGIBLE,"Geographic record only. Research destination-specific value, source, guest fit and live lodging before promotion."
NE-1159146021,Christiansted,United States Virgin Islands,North America,17.750375,-64.749986,NOT_ELIGIBLE,"Geographic record only. Research destination-specific value, source, guest fit and live lodging before promotion."
NE-1159146055,Willemstad,Curacao,North America,12.20043,-69.019984,NOT_ELIGIBLE,"Geographic record only. Research destination-specific value, source, guest fit and live lodging before promotion."
NE-1159146057,Oranjestad,Aruba,North America,12.530384,-70.028992,NOT_ELIGIBLE,"Geographic record only. Research destination-specific value, source, guest fit and live lodging before promotion."
NE-1159149847,Roseau,Dominica,North America,15.301016,-61.387013,NOT_ELIGIBLE,"Geographic record only. Research destination-specific value, source, guest fit and live lodging before promotion."
NE-1159150339,Bridgetown,Barbados,North America,13.102003,-59.616527,NOT_ELIGIBLE,"Geographic record only. Research destination-specific value, source, guest fit and live lodging before promotion."
NE-1159150431,Kingstown,Saint Vincent and the Grenadines,North America,13.148279,-61.212062,NOT_ELIGIBLE,"Geographic record only. Research destination-specific value, source, guest fit and live lodging before promotion."
NE-1159150433,Castries,Saint Lucia,North America,14.001974,-61.000008,NOT_ELIGIBLE,"Geographic record only. Research destination-specific value, source, guest fit and live lodging before promotion."
NE-1159150435,Basseterre,Saint Kitts and Nevis,North America,17.302031,-62.717009,NOT_ELIGIBLE,"Geographic record only. Research destination-specific value, source, guest fit and live lodging before promotion."
NE-1159150447,Saint George's,Grenada,North America,12.052633,-61.741643,NOT_ELIGIBLE,"Geographic record only. Research destination-specific value, source, guest fit and live lodging before promotion."
NE-1159150457,Saint John's,Antigua and Barbuda,North America,17.118037,-61.850034,NOT_ELIGIBLE,"Geographic record only. Research destination-specific value, source, guest fit and live lodging before promotion."
NE-1159151185,Hamilton,Bermuda,North America,32.29419,-64.783937,NOT_ELIGIBLE,"Geographic record only. Research destination-specific value, source, guest fit and live lodging before promotion."
NE-1159151569,Los Angeles,United States of America,North America,33.991924,-118.181926,NOT_ELIGIBLE,"Geographic record only. Research destination-specific value, source, guest fit and live lodging before promotion."
NE-1159151527,Monterrey,Mexico,North America,25.671941,-100.331931,NOT_ELIGIBLE,"Geographic record only. Research destination-specific value, source, guest fit and live lodging before promotion."
NE-1159151555,Vancouver,Canada,North America,49.275362,-123.12359,NOT_ELIGIBLE,"Geographic record only. Research destination-specific value, source, guest fit and live lodging before promotion."
NE-1159149837,Santiago,Dominican Republic,North America,19.50001,-70.670012,NOT_ELIGIBLE,"Geographic record only. Research destination-specific value, source, guest fit and live lodging before promotion."
NE-1159149835,Santiago de Cuba,Cuba,North America,20.025017,-75.821326,NOT_ELIGIBLE,"Geographic record only. Research destination-specific value, source, guest fit and live lodging before promotion."
NE-1159149995,Quetzaltenango,Guatemala,North America,14.829959,-91.520006,NOT_ELIGIBLE,"Geographic record only. Research destination-specific value, source, guest fit and live lodging before promotion."
NE-1159150057,Sisimiut,Greenland,North America,66.950008,-53.666606,NOT_ELIGIBLE,"Geographic record only. Research destination-specific value, source, guest fit and live lodging before promotion."
NE-1159146425,Leon,Nicaragua,North America,12.435558,-86.879436,NOT_ELIGIBLE,"Geographic record only. Research destination-specific value, source, guest fit and live lodging before promotion."
NE-1159140077,Santa Ana,El Salvador,North America,13.99461,-89.559764,NOT_ELIGIBLE,"Geographic record only. Research destination-specific value, source, guest fit and live lodging before promotion."
NE-1159146347,San Pedro Sula,Honduras,North America,15.500022,-88.029986,NOT_ELIGIBLE,"Geographic record only. Research destination-specific value, source, guest fit and live lodging before promotion."
NE-1159146929,Montego Bay,Jamaica,North America,18.466688,-77.916676,NOT_ELIGIBLE,"Geographic record only. Research destination-specific value, source, guest fit and live lodging before promotion."
NE-1159149833,Puerto Limon,Costa Rica,North America,10.000021,-83.03334,NOT_ELIGIBLE,"Geographic record only. Research destination-specific value, source, guest fit and live lodging before promotion."
NE-1159149505,David,Panama,North America,8.433321,-82.433325,NOT_ELIGIBLE,"Geographic record only. Research destination-specific value, source, guest fit and live lodging before promotion."
NE-1159144449,Belize City,Belize,North America,17.498711,-88.188375,NOT_ELIGIBLE,"Geographic record only. Research destination-specific value, source, guest fit and live lodging before promotion."
NE-1159149067,Arecibo,Puerto Rico,North America,18.440023,-66.729994,NOT_ELIGIBLE,"Geographic record only. Research destination-specific value, source, guest fit and live lodging before promotion."
NE-1159125881,San Fernando,Trinidad and Tobago,North America,10.280462,-61.459377,NOT_ELIGIBLE,"Geographic record only. Research destination-specific value, source, guest fit and live lodging before promotion."
NE-1159150453,Freeport,The Bahamas,North America,26.533276,-78.700013,NOT_ELIGIBLE,"Geographic record only. Research destination-specific value, source, guest fit and live lodging before promotion."
NE-1159151573,"Washington, D.C.",United States of America,North America,38.901495,-77.011364,NOT_ELIGIBLE,"Geographic record only. Research destination-specific value, source, guest fit and live lodging before promotion."
NE-1159151293,Guadalajara,Mexico,North America,20.671962,-103.33198,NOT_ELIGIBLE,"Geographic record only. Research destination-specific value, source, guest fit and live lodging before promotion."
NE-1159151457,Montreal,Canada,North America,45.501945,-73.585243,NOT_ELIGIBLE,"Geographic record only. Research destination-specific value, source, guest fit and live lodging before promotion."
NE-1159148407,San Juan,Dominican Republic,North America,18.808949,-71.230942,NOT_ELIGIBLE,"Geographic record only. Research destination-specific value, source, guest fit and live lodging before promotion."
NE-1159146921,Camaguey,Cuba,North America,21.380825,-77.916934,NOT_ELIGIBLE,"Geographic record only. Research destination-specific value, source, guest fit and live lodging before promotion."
NE-1159147187,Puerto Barrios,Guatemala,North America,15.717495,-88.592652,NOT_ELIGIBLE,"Geographic record only. Research destination-specific value, source, guest fit and live lodging before promotion."
NE-1159150061,Upernavik,Greenland,North America,72.709367,-56.141675,NOT_ELIGIBLE,"Geographic record only. Research destination-specific value, source, guest fit and live lodging before promotion."
NE-1159147941,Bluefields,Nicaragua,North America,11.999977,-83.764949,NOT_ELIGIBLE,"Geographic record only. Research destination-specific value, source, guest fit and live lodging before promotion."
NE-1159129893,San Miguel,El Salvador,North America,13.483349,-88.183336,NOT_ELIGIBLE,"Geographic record only. Research destination-specific value, source, guest fit and live lodging before promotion."
NE-1159146345,La Ceiba,Honduras,North America,15.763106,-86.796987,NOT_ELIGIBLE,"Geographic record only. Research destination-specific value, source, guest fit and live lodging before promotion."
NE-1159129911,Spanish Town,Jamaica,North America,17.983333,-76.949991,NOT_ELIGIBLE,"Geographic record only. Research destination-specific value, source, guest fit and live lodging before promotion."
NE-1159146487,Colon,Panama,North America,9.365021,-79.87498,NOT_ELIGIBLE,"Geographic record only. Research destination-specific value, source, guest fit and live lodging before promotion."
NE-1159144451,Orange Walk,Belize,North America,18.090432,-88.55998,NOT_ELIGIBLE,"Geographic record only. Research destination-specific value, source, guest fit and live lodging before promotion."
NE-1159146025,Mayaguez,Puerto Rico,North America,18.20151,-67.139711,NOT_ELIGIBLE,"Geographic record only. Research destination-specific value, source, guest fit and live lodging before promotion."
NE-1159151491,Chicago,United States of America,North America,41.831937,-87.752001,NOT_ELIGIBLE,"Geographic record only. Research destination-specific value, source, guest fit and live lodging before promotion."
NE-1159151295,Puebla,Mexico,North America,19.051906,-98.201983,NOT_ELIGIBLE,"Geographic record only. Research destination-specific value, source, guest fit and live lodging before promotion."
NE-1159151455,Edmonton,Canada,North America,53.551971,-113.501928,NOT_ELIGIBLE,"Geographic record only. Research destination-specific value, source, guest fit and live lodging before promotion."
NE-1159140109,San Pedro de Macoris,Dominican Republic,North America,18.450358,-69.299967,NOT_ELIGIBLE,"Geographic record only. Research destination-specific value, source, guest fit and live lodging before promotion."
NE-1159146925,Holguin,Cuba,North America,20.887238,-76.263056,NOT_ELIGIBLE,"Geographic record only. Research destination-specific value, source, guest fit and live lodging before promotion."
NE-1159141565,Escuintla,Guatemala,North America,14.300405,-90.779999,NOT_ELIGIBLE,"Geographic record only. Research destination-specific value, source, guest fit and live lodging before promotion."
NE-1159150063,Qaanaaq,Greenland,North America,77.483473,-69.332239,NOT_ELIGIBLE,"Geographic record only. Research destination-specific value, source, guest fit and live lodging before promotion."
NE-1159146421,Puerto Cabezas,Nicaragua,North America,14.033341,-83.383371,NOT_ELIGIBLE,"Geographic record only. Research destination-specific value, source, guest fit and live lodging before promotion."
NE-1159129889,Sonsonate,El Salvador,North America,13.719975,-89.729986,NOT_ELIGIBLE,"Geographic record only. Research destination-specific value, source, guest fit and live lodging before promotion."
NE-1159134887,Choluteca,Honduras,North America,13.300673,-87.190813,NOT_ELIGIBLE,"Geographic record only. Research destination-specific value, source, guest fit and live lodging before promotion."
NE-1159129907,May Pen,Jamaica,North America,17.966615,-77.233281,NOT_ELIGIBLE,"Geographic record only. Research destination-specific value, source, guest fit and live lodging before promotion."
NE-1159146489,Balboa,Panama,North America,8.949982,-79.566653,NOT_ELIGIBLE,"Geographic record only. Research destination-specific value, source, guest fit and live lodging before promotion."
NE-1159132137,Dangriga,Belize,North America,16.970035,-88.22,NOT_ELIGIBLE,"Geographic record only. Research destination-specific value, source, guest fit and live lodging before promotion."
NE-1159146023,Ponce,Puerto Rico,North America,18.000386,-66.616642,NOT_ELIGIBLE,"Geographic record only. Research destination-specific value, source, guest fit and live lodging before promotion."
NE-1159151487,Miami,United States of America,North America,25.789557,-80.226052,NOT_ELIGIBLE,"Geographic record only. Research destination-specific value, source, guest fit and live lodging before promotion."
NE-1159150751,Tijuana,Mexico,North America,32.501963,-117.081942,NOT_ELIGIBLE,"Geographic record only. Research destination-specific value, source, guest fit and live lodging before promotion."
NE-1159151059,Ottawa,Canada,North America,45.418643,-75.701961,NOT_ELIGIBLE,"Geographic record only. Research destination-specific value, source, guest fit and live lodging before promotion."
NE-1159146069,La Romana,Dominican Republic,North America,18.417001,-68.966602,NOT_ELIGIBLE,"Geographic record only. Research destination-specific value, source, guest fit and live lodging before promotion."
NE-1159146923,Guantanamo,Cuba,North America,20.145294,-75.206144,NOT_ELIGIBLE,"Geographic record only. Research destination-specific value, source, guest fit and live lodging before promotion."
NE-1159141547,Huehuetenango,Guatemala,North America,15.320394,-91.469983,NOT_ELIGIBLE,"Geographic record only. Research destination-specific value, source, guest fit and live lodging before promotion."
NE-1159150055,Narsarsuaq,Greenland,North America,61.166588,-45.416618,NOT_ELIGIBLE,"Geographic record only. Research destination-specific value, source, guest fit and live lodging before promotion."
NE-1159136111,Chinandega,Nicaragua,North America,12.630378,-87.130041,NOT_ELIGIBLE,"Geographic record only. Research destination-specific value, source, guest fit and live lodging before promotion."
NE-1159129885,Sensuntepeque,El Salvador,North America,13.880043,-88.630001,NOT_ELIGIBLE,"Geographic record only. Research destination-specific value, source, guest fit and live lodging before promotion."
NE-1159134881,Comayagua,Honduras,North America,14.460395,-87.649984,NOT_ELIGIBLE,"Geographic record only. Research destination-specific value, source, guest fit and live lodging before promotion."
NE-1159117887,Half Way Tree,Jamaica,North America,18.0333,-76.799997,NOT_ELIGIBLE,"Geographic record only. Research destination-specific value, source, guest fit and live lodging before promotion."
NE-1159140049,Quesada,Costa Rica,North America,10.330492,-84.439973,NOT_ELIGIBLE,"Geographic record only. Research destination-specific value, source, guest fit and live lodging before promotion."
NE-1159148059,Puerto Armuelles,Panama,North America,8.280023,-82.870017,NOT_ELIGIBLE,"Geographic record only. Research destination-specific value, source, guest fit and live lodging before promotion."
NE-1159122697,El Cayo,Belize,North America,17.155998,-89.061003,NOT_ELIGIBLE,"Geographic record only. Research destination-specific value, source, guest fit and live lodging before promotion."
NE-1159151489,Atlanta,United States of America,North America,33.83196,-84.401895,NOT_ELIGIBLE,"Geographic record only. Research destination-specific value, source, guest fit and live lodging before promotion."
NE-1159150769,Merida,Mexico,North America,20.968585,-89.618579,NOT_ELIGIBLE,"Geographic record only. Research destination-specific value, source, guest fit and live lodging before promotion."
NE-1159151035,Calgary,Canada,North America,51.084938,-114.081944,NOT_ELIGIBLE,"Geographic record only. Research destination-specific value, source, guest fit and live lodging before promotion."
NE-1159141577,Barahona,Dominican Republic,North America,18.200374,-71.099986,NOT_ELIGIBLE,"Geographic record only. Research destination-specific value, source, guest fit and live lodging before promotion."
NE-1159146941,Santa Clara,Cuba,North America,22.400014,-79.966654,NOT_ELIGIBLE,"Geographic record only. Research destination-specific value, source, guest fit and live lodging before promotion."
NE-1159141569,Mazatenango,Guatemala,North America,14.530365,-91.509981,NOT_ELIGIBLE,"Geographic record only. Research destination-specific value, source, guest fit and live lodging before promotion."
NE-1159147261,Ilulissat,Greenland,North America,69.216665,-51.099967,NOT_ELIGIBLE,"Geographic record only. Research destination-specific value, source, guest fit and live lodging before promotion."
NE-1159136115,Matagalpa,Nicaragua,North America,12.917079,-85.916653,NOT_ELIGIBLE,"Geographic record only. Research destination-specific value, source, guest fit and live lodging before promotion."
NE-1159117637,Nueva San Salvador,El Salvador,North America,13.673997,-89.289999,NOT_ELIGIBLE,"Geographic record only. Research destination-specific value, source, guest fit and live lodging before promotion."
NE-1159134877,Juticalpa,Honduras,North America,14.670408,-86.229967,NOT_ELIGIBLE,"Geographic record only. Research destination-specific value, source, guest fit and live lodging before promotion."
NE-1159117775,Mandeville,Jamaica,North America,18.033003,-77.499999,NOT_ELIGIBLE,"Geographic record only. Research destination-specific value, source, guest fit and live lodging before promotion."
NE-1159129873,Alajuela,Costa Rica,North America,10.02002,-84.230037,NOT_ELIGIBLE,"Geographic record only. Research destination-specific value, source, guest fit and live lodging before promotion."
NE-1159136879,Santiago,Panama,North America,8.10037,-80.983336,NOT_ELIGIBLE,"Geographic record only. Research destination-specific value, source, guest fit and live lodging before promotion."
NE-1159151485,Houston,United States of America,North America,29.82192,-95.341925,NOT_ELIGIBLE,"Geographic record only. Research destination-specific value, source, guest fit and live lodging before promotion."
NE-1159150757,Tampico,Mexico,North America,22.30002,-97.870006,NOT_ELIGIBLE,"Geographic record only. Research destination-specific value, source, guest fit and live lodging before promotion."
NE-1159151025,Winnipeg,Canada,North America,49.882988,-97.165992,NOT_ELIGIBLE,"Geographic record only. Research destination-specific value, source, guest fit and live lodging before promotion."
NE-1159141573,Monte Cristi,Dominican Republic,North America,19.86699,-71.65003,NOT_ELIGIBLE,"Geographic record only. Research destination-specific value, source, guest fit and live lodging before promotion."
NE-1159146919,Pinar del Rio,Cuba,North America,22.417506,-83.69808,NOT_ELIGIBLE,"Geographic record only. Research destination-specific value, source, guest fit and live lodging before promotion."
NE-1159141551,Flores,Guatemala,North America,16.933681,-89.883284,NOT_ELIGIBLE,"Geographic record only. Research destination-specific value, source, guest fit and live lodging before promotion."
NE-1159147249,Qaqortoq,Greenland,North America,60.72891,-46.036412,NOT_ELIGIBLE,"Geographic record only. Research destination-specific value, source, guest fit and live lodging before promotion."
NE-1159136105,Granada,Nicaragua,North America,11.933728,-85.949984,NOT_ELIGIBLE,"Geographic record only. Research destination-specific value, source, guest fit and live lodging before promotion."
NE-1159117729,Usulutan,El Salvador,North America,13.346001,-88.432002,NOT_ELIGIBLE,"Geographic record only. Research destination-specific value, source, guest fit and live lodging before promotion."
NE-1159127151,Nacaome,Honduras,North America,13.529987,-87.489968,NOT_ELIGIBLE,"Geographic record only. Research destination-specific value, source, guest fit and live lodging before promotion."
NE-1159117825,Savanna-la-Mar,Jamaica,North America,18.163998,-77.948001,NOT_ELIGIBLE,"Geographic record only. Research destination-specific value, source, guest fit and live lodging before promotion."
NE-1159129861,Cartago,Costa Rica,North America,9.869978,-83.929978,NOT_ELIGIBLE,"Geographic record only. Research destination-specific value, source, guest fit and live lodging before promotion."
NE-1159136875,Las Tablas,Panama,North America,7.760391,-80.28002,NOT_ELIGIBLE,"Geographic record only. Research destination-specific value, source, guest fit and live lodging before promotion."
NE-1159151479,San Francisco,United States of America,North America,37.769196,-122.417169,NOT_ELIGIBLE,"Geographic record only. Research destination-specific value, source, guest fit and live lodging before promotion."
NE-1159150753,Chihuahua,Mexico,North America,28.646927,-106.086928,NOT_ELIGIBLE,"Geographic record only. Research destination-specific value, source, guest fit and live lodging before promotion."
NE-1159151065,Quebec,Canada,North America,46.839969,-71.24561,NOT_ELIGIBLE,"Geographic record only. Research destination-specific value, source, guest fit and live lodging before promotion."
NE-1159130407,La Vega,Dominican Republic,North America,19.216591,-70.516585,NOT_ELIGIBLE,"Geographic record only. Research destination-specific value, source, guest fit and live lodging before promotion."
NE-1159140103,Las Tunas,Cuba,North America,20.960128,-76.954383,NOT_ELIGIBLE,"Geographic record only. Research destination-specific value, source, guest fit and live lodging before promotion."
NE-1159141559,San Jose,Guatemala,North America,13.93973,-90.820032,NOT_ELIGIBLE,"Geographic record only. Research destination-specific value, source, guest fit and live lodging before promotion."
NE-1159147243,Paamiut,Greenland,North America,62.004102,-49.63507,NOT_ELIGIBLE,"Geographic record only. Research destination-specific value, source, guest fit and live lodging before promotion."
NE-1159135781,Rivas,Nicaragua,North America,11.440373,-85.819992,NOT_ELIGIBLE,"Geographic record only. Research destination-specific value, source, guest fit and live lodging before promotion."
NE-1159117629,Cojutepeque,El Salvador,North America,13.716702,-88.933302,NOT_ELIGIBLE,"Geographic record only. Research destination-specific value, source, guest fit and live lodging before promotion."
NE-1159127165,Santa Rosa de Copan,Honduras,North America,14.769989,-88.779992,NOT_ELIGIBLE,"Geographic record only. Research destination-specific value, source, guest fit and live lodging before promotion."
NE-1159117841,Port Antonio,Jamaica,North America,18.159003,-76.380003,NOT_ELIGIBLE,"Geographic record only. Research destination-specific value, source, guest fit and live lodging before promotion."
NE-1159129877,Canas,Costa Rica,North America,10.429995,-85.10001,NOT_ELIGIBLE,"Geographic record only. Research destination-specific value, source, guest fit and live lodging before promotion."
NE-1159128433,Chitre,Panama,North America,7.970016,-80.420037,NOT_ELIGIBLE,"Geographic record only. Research destination-specific value, source, guest fit and live lodging before promotion."
NE-1159151483,Denver,United States of America,North America,39.741134,-104.985962,NOT_ELIGIBLE,"Geographic record only. Research destination-specific value, source, guest fit and live lodging before promotion."
NE-1159150759,Acapulco,Mexico,North America,16.849991,-99.915979,NOT_ELIGIBLE,"Geographic record only. Research destination-specific value, source, guest fit and live lodging before promotion."
NE-1159151069,Halifax,Canada,North America,44.650025,-63.600005,NOT_ELIGIBLE,"Geographic record only. Research destination-specific value, source, guest fit and live lodging before promotion."
NE-1159130411,San Francisco de Macoris,Dominican Republic,North America,19.299996,-70.250012,NOT_ELIGIBLE,"Geographic record only. Research destination-specific value, source, guest fit and live lodging before promotion."
NE-1159140095,Bayamo,Cuba,North America,20.379543,-76.643291,NOT_ELIGIBLE,"Geographic record only. Research destination-specific value, source, guest fit and live lodging before promotion."
NE-1159130383,San Luis,Guatemala,North America,16.200005,-89.440004,NOT_ELIGIBLE,"Geographic record only. Research destination-specific value, source, guest fit and live lodging before promotion."
NE-1159149081,Tasiilaq,Greenland,North America,65.601869,-37.633737,NOT_ELIGIBLE,"Geographic record only. Research destination-specific value, source, guest fit and live lodging before promotion."
NE-1159128139,Esteli,Nicaragua,North America,13.089988,-86.359985,NOT_ELIGIBLE,"Geographic record only. Research destination-specific value, source, guest fit and live lodging before promotion."
NE-1159117657,Zacatecoluca,El Salvador,North America,13.508001,-88.867998,NOT_ELIGIBLE,"Geographic record only. Research destination-specific value, source, guest fit and live lodging before promotion."
NE-1159113237,La Paz,Honduras,North America,14.319999,-87.684003,NOT_ELIGIBLE,"Geographic record only. Research destination-specific value, source, guest fit and live lodging before promotion."
NE-1159117855,St. Ann's Bay,Jamaica,North America,18.432639,-77.199525,NOT_ELIGIBLE,"Geographic record only. Research destination-specific value, source, guest fit and live lodging before promotion."
NE-1159122371,Heredia,Costa Rica,North America,9.991998,-84.120003,NOT_ELIGIBLE,"Geographic record only. Research destination-specific value, source, guest fit and live lodging before promotion."
NE-1159128427,Penonome,Panama,North America,8.509983,-80.359989,NOT_ELIGIBLE,"Geographic record only. Research destination-specific value, source, guest fit and live lodging before promotion."
NE-1159151243,Philadelphia,United States of America,North America,40.001919,-75.171942,NOT_ELIGIBLE,"Geographic record only. Research destination-specific value, source, guest fit and live lodging before promotion."
NE-1159150763,Veracruz,Mexico,North America,19.177342,-96.159981,NOT_ELIGIBLE,"Geographic record only. Research destination-specific value, source, guest fit and live lodging before promotion."
NE-1159151039,Victoria,Canada,North America,48.433283,-123.350001,NOT_ELIGIBLE,"Geographic record only. Research destination-specific value, source, guest fit and live lodging before promotion."
NE-1159130401,Neiba,Dominican Republic,North America,18.466611,-71.416633,NOT_ELIGIBLE,"Geographic record only. Research destination-specific value, source, guest fit and live lodging before promotion."
NE-1159140023,Cienfuegos,Cuba,North America,22.144448,-80.440294,NOT_ELIGIBLE,"Geographic record only. Research destination-specific value, source, guest fit and live lodging before promotion."
NE-1159130389,Coban,Guatemala,North America,15.469998,-90.379998,NOT_ELIGIBLE,"Geographic record only. Research destination-specific value, source, guest fit and live lodging before promotion."
NE-1159149095,Uummannaq,Greenland,North America,70.675023,-52.122934,NOT_ELIGIBLE,"Geographic record only. Research destination-specific value, source, guest fit and live lodging before promotion."
NE-1159128151,Juigalpa,Nicaragua,North America,12.109996,-85.379967,NOT_ELIGIBLE,"Geographic record only. Research destination-specific value, source, guest fit and live lodging before promotion."
NE-1159117711,San Vicente,El Salvador,North America,13.641003,-88.785,NOT_ELIGIBLE,"Geographic record only. Research destination-specific value, source, guest fit and live lodging before promotion."
NE-1159113205,Yoro,Honduras,North America,15.059997,-87.290001,NOT_ELIGIBLE,"Geographic record only. Research destination-specific value, source, guest fit and live lodging before promotion."
NE-1159117905,Port Morant,Jamaica,North America,17.891001,-76.329,NOT_ELIGIBLE,"Geographic record only. Research destination-specific value, source, guest fit and live lodging before promotion."
NE-1159151235,Dallas,United States of America,North America,32.82197,-96.841963,NOT_ELIGIBLE,"Geographic record only. Research destination-specific value, source, guest fit and live lodging before promotion."
NE-1159150767,Cancun,Mexico,North America,21.16996,-86.830008,NOT_ELIGIBLE,"Geographic record only. Research destination-specific value, source, guest fit and live lodging before promotion."
NE-1159151033,Saskatoon,Canada,North America,52.170031,-106.669985,NOT_ELIGIBLE,"Geographic record only. Research destination-specific value, source, guest fit and live lodging before promotion."
NE-1159118885,San Cristobal,Dominican Republic,North America,18.415998,-70.109001,NOT_ELIGIBLE,"Geographic record only. Research destination-specific value, source, guest fit and live lodging before promotion."
NE-1159140243,Matanzas,Cuba,North America,23.041525,-81.577486,NOT_ELIGIBLE,"Geographic record only. Research destination-specific value, source, guest fit and live lodging before promotion."
NE-1159130397,Jutiapa,Guatemala,North America,14.289992,-89.900001,NOT_ELIGIBLE,"Geographic record only. Research destination-specific value, source, guest fit and live lodging before promotion."
NE-1159147253,Kangerlussuaq,Greenland,North America,67.014123,-50.709909,NOT_ELIGIBLE,"Geographic record only. Research destination-specific value, source, guest fit and live lodging before promotion."
NE-1159128143,Boaco,Nicaragua,North America,12.469974,-85.660002,NOT_ELIGIBLE,"Geographic record only. Research destination-specific value, source, guest fit and live lodging before promotion."
NE-1159117611,Ahuachapan,El Salvador,North America,13.919004,-89.845002,NOT_ELIGIBLE,"Geographic record only. Research destination-specific value, source, guest fit and live lodging before promotion."
NE-1159113253,Santa Barbara,Honduras,North America,14.919003,-88.236,NOT_ELIGIBLE,"Geographic record only. Research destination-specific value, source, guest fit and live lodging before promotion."
NE-1159151239,Boston,United States of America,North America,42.331906,-71.07196,NOT_ELIGIBLE,"Geographic record only. Research destination-specific value, source, guest fit and live lodging before promotion."
NE-1159150765,Tuxtla Gutierrez,Mexico,North America,16.749997,-93.15001,NOT_ELIGIBLE,"Geographic record only. Research destination-specific value, source, guest fit and live lodging before promotion."
NE-1159151029,Regina,Canada,North America,50.450033,-104.61701,NOT_ELIGIBLE,"Geographic record only. Research destination-specific value, source, guest fit and live lodging before promotion."
NE-1159151621,Sao Paulo,Brazil,South America,-23.556734,-46.626966,NOT_ELIGIBLE,"Geographic record only. Research destination-specific value, source, guest fit and live lodging before promotion."
NE-1159151615,Santiago,Chile,South America,-33.448068,-70.668987,NOT_ELIGIBLE,"Geographic record only. Research destination-specific value, source, guest fit and live lodging before promotion."
NE-1159151601,Bogota,Colombia,South America,4.598369,-74.08529,NOT_ELIGIBLE,"Geographic record only. Research destination-specific value, source, guest fit and live lodging before promotion."
NE-1159151493,Caracas,Venezuela,South America,10.502944,-66.918983,NOT_ELIGIBLE,"Geographic record only. Research destination-specific value, source, guest fit and live lodging before promotion."
NE-1159151341,Guayaquil,Ecuador,South America,-2.218088,-79.921988,NOT_ELIGIBLE,"Geographic record only. Research destination-specific value, source, guest fit and live lodging before promotion."
NE-1159151135,Santa Cruz,Bolivia,South America,-17.751972,-63.227942,NOT_ELIGIBLE,"Geographic record only. Research destination-specific value, source, guest fit and live lodging before promotion."
NE-1159150621,Asuncion,Paraguay,South America,-25.294457,-57.643451,NOT_ELIGIBLE,"Geographic record only. Research destination-specific value, source, guest fit and live lodging before promotion."
NE-1159150585,Georgetown,Guyana,South America,6.801974,-58.167029,NOT_ELIGIBLE,"Geographic record only. Research destination-specific value, source, guest fit and live lodging before promotion."
NE-1159150597,Paramaribo,Suriname,South America,5.83503,-55.167031,NOT_ELIGIBLE,"Geographic record only. Research destination-specific value, source, guest fit and live lodging before promotion."
NE-1159151183,Stanley,Falkland Islands,South America,-51.700011,-57.849968,NOT_ELIGIBLE,"Geographic record only. Research destination-specific value, source, guest fit and live lodging before promotion."
NE-1159151619,Rio de Janeiro,Brazil,South America,-22.923077,-43.226967,NOT_ELIGIBLE,"Geographic record only. Research destination-specific value, source, guest fit and live lodging before promotion."
NE-1159151105,Cordoba,Argentina,South America,-31.398012,-64.18424,NOT_ELIGIBLE,"Geographic record only. Research destination-specific value, source, guest fit and live lodging before promotion."
NE-1159150615,Trujillo,Peru,South America,-8.120035,-79.019968,NOT_ELIGIBLE,"Geographic record only. Research destination-specific value, source, guest fit and live lodging before promotion."
NE-1159150935,Concepcion,Chile,South America,-36.830014,-73.050022,NOT_ELIGIBLE,"Geographic record only. Research destination-specific value, source, guest fit and live lodging before promotion."
NE-1159151237,Maracaibo,Venezuela,South America,10.731923,-71.661924,NOT_ELIGIBLE,"Geographic record only. Research destination-specific value, source, guest fit and live lodging before promotion."
NE-1159151133,La Paz,Bolivia,South America,-16.496028,-68.151931,NOT_ELIGIBLE,"Geographic record only. Research destination-specific value, source, guest fit and live lodging before promotion."
NE-1159149191,Durazno,Uruguay,South America,-33.410016,-56.51005,NOT_ELIGIBLE,"Geographic record only. Research destination-specific value, source, guest fit and live lodging before promotion."
NE-1159149427,Ciudad del Este,Paraguay,South America,-25.5167,-54.616057,NOT_ELIGIBLE,"Geographic record only. Research destination-specific value, source, guest fit and live lodging before promotion."
NE-1159147653,New Amsterdam,Guyana,South America,6.250018,-57.529987,NOT_ELIGIBLE,"Geographic record only. Research destination-specific value, source, guest fit and live lodging before promotion."
NE-1159149387,Cottica,Suriname,South America,3.850009,-54.233289,NOT_ELIGIBLE,"Geographic record only. Research destination-specific value, source, guest fit and live lodging before promotion."
NE-1159151447,Porto Alegre,Brazil,South America,-30.048069,-51.201958,NOT_ELIGIBLE,"Geographic record only. Research destination-specific value, source, guest fit and live lodging before promotion."
NE-1159151345,Cali,Colombia,South America,3.401905,-76.501912,NOT_ELIGIBLE,"Geographic record only. Research destination-specific value, source, guest fit and live lodging before promotion."
NE-1159150507,Valencia,Venezuela,South America,10.231927,-67.981967,NOT_ELIGIBLE,"Geographic record only. Research destination-specific value, source, guest fit and live lodging before promotion."
NE-1159149829,Cuenca,Ecuador,South America,-2.899992,-78.999995,NOT_ELIGIBLE,"Geographic record only. Research destination-specific value, source, guest fit and live lodging before promotion."
NE-1159151095,Sucre,Bolivia,South America,-19.040971,-65.259516,NOT_ELIGIBLE,"Geographic record only. Research destination-specific value, source, guest fit and live lodging before promotion."
NE-1159147337,Salto,Uruguay,South America,-31.390346,-57.968695,NOT_ELIGIBLE,"Geographic record only. Research destination-specific value, source, guest fit and live lodging before promotion."
NE-1159146417,Concepcion,Paraguay,South America,-23.406389,-57.434412,NOT_ELIGIBLE,"Geographic record only. Research destination-specific value, source, guest fit and live lodging before promotion."
NE-1159146349,Linden,Guyana,South America,5.990008,-58.269968,NOT_ELIGIBLE,"Geographic record only. Research destination-specific value, source, guest fit and live lodging before promotion."
NE-1159133641,Nieuw Nickerie,Suriname,South America,5.950424,-56.989995,NOT_ELIGIBLE,"Geographic record only. Research destination-specific value, source, guest fit and live lodging before promotion."
NE-1159151443,Brasilia,Brazil,South America,-15.781394,-47.917998,NOT_ELIGIBLE,"Geographic record only. Research destination-specific value, source, guest fit and live lodging before promotion."
NE-1159151101,Mar del Plata,Argentina,South America,-38.00002,-57.579984,NOT_ELIGIBLE,"Geographic record only. Research destination-specific value, source, guest fit and live lodging before promotion."
NE-1159150613,Tacna,Peru,South America,-18.000001,-70.250012,NOT_ELIGIBLE,"Geographic record only. Research destination-specific value, source, guest fit and live lodging before promotion."
NE-1159150929,Antofagasta,Chile,South America,-23.649992,-70.400003,NOT_ELIGIBLE,"Geographic record only. Research destination-specific value, source, guest fit and live lodging before promotion."
NE-1159151003,Leticia,Colombia,South America,-4.201207,-69.955261,NOT_ELIGIBLE,"Geographic record only. Research destination-specific value, source, guest fit and live lodging before promotion."
NE-1159150533,Ciudad Guayana,Venezuela,South America,8.370018,-62.619987,NOT_ELIGIBLE,"Geographic record only. Research destination-specific value, source, guest fit and live lodging before promotion."
NE-1159149831,Santa Cruz,Ecuador,South America,-0.533315,-90.35,NOT_ELIGIBLE,"Geographic record only. Research destination-specific value, source, guest fit and live lodging before promotion."
NE-1159151097,Riberalta,Bolivia,South America,-10.983013,-66.100007,NOT_ELIGIBLE,"Geographic record only. Research destination-specific value, source, guest fit and live lodging before promotion."
NE-1159147335,Paysandu,Uruguay,South America,-32.329979,-58.07998,NOT_ELIGIBLE,"Geographic record only. Research destination-specific value, source, guest fit and live lodging before promotion."
NE-1159146419,Villarrica,Paraguay,South America,-25.750019,-56.43331,NOT_ELIGIBLE,"Geographic record only. Research destination-specific value, source, guest fit and live lodging before promotion."
NE-1159147651,Mabaruma,Guyana,South America,8.199976,-59.779979,NOT_ELIGIBLE,"Geographic record only. Research destination-specific value, source, guest fit and live lodging before promotion."
NE-1159151461,Recife,Brazil,South America,-8.0737,-34.917551,NOT_ELIGIBLE,"Geographic record only. Research destination-specific value, source, guest fit and live lodging before promotion."
NE-1159151107,Posadas,Argentina,South America,-27.357832,-55.885107,NOT_ELIGIBLE,"Geographic record only. Research destination-specific value, source, guest fit and live lodging before promotion."
NE-1159150619,Ica,Peru,South America,-14.067993,-75.725492,NOT_ELIGIBLE,"Geographic record only. Research destination-specific value, source, guest fit and live lodging before promotion."
NE-1159150927,Iquique,Chile,South America,-20.249993,-70.129968,NOT_ELIGIBLE,"Geographic record only. Research destination-specific value, source, guest fit and live lodging before promotion."
NE-1159150859,Mitu,Colombia,South America,1.198311,-70.173608,NOT_ELIGIBLE,"Geographic record only. Research destination-specific value, source, guest fit and live lodging before promotion."
NE-1159150505,San Cristobal,Venezuela,South America,7.770003,-72.249968,NOT_ELIGIBLE,"Geographic record only. Research destination-specific value, source, guest fit and live lodging before promotion."
NE-1159146911,Portoviejo,Ecuador,South America,-1.060001,-80.459983,NOT_ELIGIBLE,"Geographic record only. Research destination-specific value, source, guest fit and live lodging before promotion."
NE-1159150337,Tarija,Bolivia,South America,-21.516685,-64.749986,NOT_ELIGIBLE,"Geographic record only. Research destination-specific value, source, guest fit and live lodging before promotion."
NE-1159146181,San Jose de Mayo,Uruguay,South America,-34.349959,-56.709986,NOT_ELIGIBLE,"Geographic record only. Research destination-specific value, source, guest fit and live lodging before promotion."
NE-1159147939,Filadelfia,Paraguay,South America,-22.339994,-60.02999,NOT_ELIGIBLE,"Geographic record only. Research destination-specific value, source, guest fit and live lodging before promotion."
NE-1159134895,Bartica,Guyana,South America,6.410421,-58.630024,NOT_ELIGIBLE,"Geographic record only. Research destination-specific value, source, guest fit and live lodging before promotion."
NE-1159151451,Fortaleza,Brazil,South America,-3.748072,-38.581927,NOT_ELIGIBLE,"Geographic record only. Research destination-specific value, source, guest fit and live lodging before promotion."
NE-1159151099,Bahia Blanca,Argentina,South America,-38.740027,-62.265021,NOT_ELIGIBLE,"Geographic record only. Research destination-specific value, source, guest fit and live lodging before promotion."
NE-1159150937,Puerto Montt,Chile,South America,-41.469989,-72.929978,NOT_ELIGIBLE,"Geographic record only. Research destination-specific value, source, guest fit and live lodging before promotion."
NE-1159149845,Barranquilla,Colombia,South America,10.961935,-74.801913,NOT_ELIGIBLE,"Geographic record only. Research destination-specific value, source, guest fit and live lodging before promotion."
NE-1159149271,Merida,Venezuela,South America,8.39999,-71.13001,NOT_ELIGIBLE,"Geographic record only. Research destination-specific value, source, guest fit and live lodging before promotion."
NE-1159148397,Machala,Ecuador,South America,-3.260022,-79.959988,NOT_ELIGIBLE,"Geographic record only. Research destination-specific value, source, guest fit and live lodging before promotion."
NE-1159150287,Trinidad,Bolivia,South America,-14.833372,-64.899977,NOT_ELIGIBLE,"Geographic record only. Research destination-specific value, source, guest fit and live lodging before promotion."
NE-1159146183,Rocha,Uruguay,South America,-34.482974,-54.333025,NOT_ELIGIBLE,"Geographic record only. Research destination-specific value, source, guest fit and live lodging before promotion."
NE-1159136083,Pedro Juan Caballero,Paraguay,South America,-22.544581,-55.759992,NOT_ELIGIBLE,"Geographic record only. Research destination-specific value, source, guest fit and live lodging before promotion."
NE-1159127175,Corriverton,Guyana,South America,5.900039,-57.169984,NOT_ELIGIBLE,"Geographic record only. Research destination-specific value, source, guest fit and live lodging before promotion."
NE-1159151453,Salvador,Brazil,South America,-12.968026,-38.481933,NOT_ELIGIBLE,"Geographic record only. Research destination-specific value, source, guest fit and live lodging before promotion."
NE-1159151091,Comodoro Rivadavia,Argentina,South America,-45.870031,-67.499999,NOT_ELIGIBLE,"Geographic record only. Research destination-specific value, source, guest fit and live lodging before promotion."
NE-1159149423,Iquitos,Peru,South America,-3.750018,-73.25001,NOT_ELIGIBLE,"Geographic record only. Research destination-specific value, source, guest fit and live lodging before promotion."
NE-1159150933,Valdivia,Chile,South America,-39.795001,-73.245023,NOT_ELIGIBLE,"Geographic record only. Research destination-specific value, source, guest fit and live lodging before promotion."
NE-1159149841,Pasto,Colombia,South America,1.213607,-77.281107,NOT_ELIGIBLE,"Geographic record only. Research destination-specific value, source, guest fit and live lodging before promotion."
NE-1159149305,Puerto Ayacucho,Venezuela,South America,5.663904,-67.623609,NOT_ELIGIBLE,"Geographic record only. Research destination-specific value, source, guest fit and live lodging before promotion."
NE-1159148401,Manta,Ecuador,South America,-0.980006,-80.729967,NOT_ELIGIBLE,"Geographic record only. Research destination-specific value, source, guest fit and live lodging before promotion."
NE-1159147681,Cochabamba,Bolivia,South America,-17.410011,-66.169977,NOT_ELIGIBLE,"Geographic record only. Research destination-specific value, source, guest fit and live lodging before promotion."
NE-1159132427,Rivera,Uruguay,South America,-30.899575,-55.560004,NOT_ELIGIBLE,"Geographic record only. Research destination-specific value, source, guest fit and live lodging before promotion."
NE-1159136075,Ita,Paraguay,South America,-25.50962,-57.360024,NOT_ELIGIBLE,"Geographic record only. Research destination-specific value, source, guest fit and live lodging before promotion."
NE-1159151449,Curitiba,Brazil,South America,-25.418067,-49.321944,NOT_ELIGIBLE,"Geographic record only. Research destination-specific value, source, guest fit and live lodging before promotion."
NE-1159151089,Rio Gallegos,Argentina,South America,-51.633297,-69.216587,NOT_ELIGIBLE,"Geographic record only. Research destination-specific value, source, guest fit and live lodging before promotion."
NE-1159149425,Huancayo,Peru,South America,-12.08,-75.20002,NOT_ELIGIBLE,"Geographic record only. Research destination-specific value, source, guest fit and live lodging before promotion."
NE-1159150925,Punta Arenas,Chile,South America,-53.164986,-70.939996,NOT_ELIGIBLE,"Geographic record only. Research destination-specific value, source, guest fit and live lodging before promotion."
NE-1159149839,Manizales,Colombia,South America,5.059987,-75.52,NOT_ELIGIBLE,"Geographic record only. Research destination-specific value, source, guest fit and live lodging before promotion."
NE-1159146253,Barquisimeto,Venezuela,South America,10.051938,-69.301913,NOT_ELIGIBLE,"Geographic record only. Research destination-specific value, source, guest fit and live lodging before promotion."
NE-1159148405,Riobamba,Ecuador,South America,-1.670042,-78.650042,NOT_ELIGIBLE,"Geographic record only. Research destination-specific value, source, guest fit and live lodging before promotion."
NE-1159147711,Oruro,Bolivia,South America,-17.97995,-67.129996,NOT_ELIGIBLE,"Geographic record only. Research destination-specific value, source, guest fit and live lodging before promotion."
NE-1159132423,Melo,Uruguay,South America,-32.359486,-54.179985,NOT_ELIGIBLE,"Geographic record only. Research destination-specific value, source, guest fit and live lodging before promotion."
NE-1159136077,Pilar,Paraguay,South America,-26.869485,-58.299992,NOT_ELIGIBLE,"Geographic record only. Research destination-specific value, source, guest fit and live lodging before promotion."
NE-1159151441,Belem,Brazil,South America,-1.448057,-48.481969,NOT_ELIGIBLE,"Geographic record only. Research destination-specific value, source, guest fit and live lodging before promotion."
NE-1159151087,Puerto Deseado,Argentina,South America,-47.75002,-65.899968,NOT_ELIGIBLE,"Geographic record only. Research destination-specific value, source, guest fit and live lodging before promotion."
NE-1159149415,Piura,Peru,South America,-5.210032,-80.629973,NOT_ELIGIBLE,"Geographic record only. Research destination-specific value, source, guest fit and live lodging before promotion."
NE-1159150047,Arica,Chile,South America,-18.500022,-70.289984,NOT_ELIGIBLE,"Geographic record only. Research destination-specific value, source, guest fit and live lodging before promotion."
NE-1159146917,Bucaramanga,Colombia,South America,7.132039,-73.127829,NOT_ELIGIBLE,"Geographic record only. Research destination-specific value, source, guest fit and live lodging before promotion."
NE-1159147477,Maracay,Venezuela,South America,10.248826,-67.597753,NOT_ELIGIBLE,"Geographic record only. Research destination-specific value, source, guest fit and live lodging before promotion."
NE-1159148399,Loja,Ecuador,South America,-3.990003,-79.210008,NOT_ELIGIBLE,"Geographic record only. Research destination-specific value, source, guest fit and live lodging before promotion."
NE-1159148715,Cobija,Bolivia,South America,-11.02052,-68.768827,NOT_ELIGIBLE,"Geographic record only. Research destination-specific value, source, guest fit and live lodging before promotion."
NE-1159132417,Mercedes,Uruguay,South America,-33.259535,-58.029983,NOT_ELIGIBLE,"Geographic record only. Research destination-specific value, source, guest fit and live lodging before promotion."
NE-1159136087,Bella Vista,Paraguay,South America,-22.12962,-56.519997,NOT_ELIGIBLE,"Geographic record only. Research destination-specific value, source, guest fit and live lodging before promotion."
NE-1159151459,Goiania,Brazil,South America,-16.718081,-49.301971,NOT_ELIGIBLE,"Geographic record only. Research destination-specific value, source, guest fit and live lodging before promotion."
NE-1159150303,Rosario,Argentina,South America,-32.949184,-60.668254,NOT_ELIGIBLE,"Geographic record only. Research destination-specific value, source, guest fit and live lodging before promotion."
NE-1159149419,Chimbote,Peru,South America,-9.070003,-78.569995,NOT_ELIGIBLE,"Geographic record only. Research destination-specific value, source, guest fit and live lodging before promotion."
NE-1159150051,La Serena,Chile,South America,-29.899998,-71.249977,NOT_ELIGIBLE,"Geographic record only. Research destination-specific value, source, guest fit and live lodging before promotion."
NE-1159146937,Cucuta,Colombia,South America,7.920019,-72.519977,NOT_ELIGIBLE,"Geographic record only. Research destination-specific value, source, guest fit and live lodging before promotion."
NE-1159146289,Maturin,Venezuela,South America,9.749959,-63.170031,NOT_ELIGIBLE,"Geographic record only. Research destination-specific value, source, guest fit and live lodging before promotion."
NE-1159139967,Ambato,Ecuador,South America,-1.269601,-78.619992,NOT_ELIGIBLE,"Geographic record only. Research destination-specific value, source, guest fit and live lodging before promotion."
NE-1159147713,Camiri,Bolivia,South America,-20.050005,-63.519984,NOT_ELIGIBLE,"Geographic record only. Research destination-specific value, source, guest fit and live lodging before promotion."
NE-1159132411,Bella Union,Uruguay,South America,-30.259614,-57.599957,NOT_ELIGIBLE,"Geographic record only. Research destination-specific value, source, guest fit and live lodging before promotion."
NE-1159136059,Horqueta,Paraguay,South America,-23.339623,-57.050017,NOT_ELIGIBLE,"Geographic record only. Research destination-specific value, source, guest fit and live lodging before promotion."
NE-1159151005,Manaus,Brazil,South America,-3.098086,-60.001963,NOT_ELIGIBLE,"Geographic record only. Research destination-specific value, source, guest fit and live lodging before promotion."
NE-1159150297,Tucuman,Argentina,South America,-26.814054,-65.21857,NOT_ELIGIBLE,"Geographic record only. Research destination-specific value, source, guest fit and live lodging before promotion."
NE-1159149421,Pucallpa,Peru,South America,-8.368909,-74.534996,NOT_ELIGIBLE,"Geographic record only. Research destination-specific value, source, guest fit and live lodging before promotion."
NE-1159150053,Los Angeles,Chile,South America,-37.460002,-72.359987,NOT_ELIGIBLE,"Geographic record only. Research destination-specific value, source, guest fit and live lodging before promotion."
NE-1159146913,Bello,Colombia,South America,6.329987,-75.569997,NOT_ELIGIBLE,"Geographic record only. Research destination-specific value, source, guest fit and live lodging before promotion."
NE-1159147473,Ciudad Bolivar,Venezuela,South America,8.099982,-63.600005,NOT_ELIGIBLE,"Geographic record only. Research destination-specific value, source, guest fit and live lodging before promotion."
NE-1159140073,Esmeraldas,Ecuador,South America,0.93042,-79.66998,NOT_ELIGIBLE,"Geographic record only. Research destination-specific value, source, guest fit and live lodging before promotion."
NE-1159149017,San Jose,Bolivia,South America,-17.850036,-60.779996,NOT_ELIGIBLE,"Geographic record only. Research destination-specific value, source, guest fit and live lodging before promotion."
NE-1159132407,Carmelo,Uruguay,South America,-33.989619,-58.299992,NOT_ELIGIBLE,"Geographic record only. Research destination-specific value, source, guest fit and live lodging before promotion."
NE-1159136065,Belen,Paraguay,South America,-23.469486,-57.239979,NOT_ELIGIBLE,"Geographic record only. Research destination-specific value, source, guest fit and live lodging before promotion."
NE-1159151021,Florianopolis,Brazil,South America,-27.578039,-48.521966,NOT_ELIGIBLE,"Geographic record only. Research destination-specific value, source, guest fit and live lodging before promotion."
NE-1159150295,Salta,Argentina,South America,-24.783359,-65.416638,NOT_ELIGIBLE,"Geographic record only. Research destination-specific value, source, guest fit and live lodging before promotion."
NE-1159146415,Callao,Peru,South America,-12.070027,-77.134967,NOT_ELIGIBLE,"Geographic record only. Research destination-specific value, source, guest fit and live lodging before promotion."
NE-1159150049,Copiapo,Chile,South America,-27.359998,-70.339981,NOT_ELIGIBLE,"Geographic record only. Research destination-specific value, source, guest fit and live lodging before promotion."
NE-1159146935,Santa Marta,Colombia,South America,11.247206,-74.201657,NOT_ELIGIBLE,"Geographic record only. Research destination-specific value, source, guest fit and live lodging before promotion."
NE-1159146291,Cumana,Venezuela,South America,10.449994,-64.180021,NOT_ELIGIBLE,"Geographic record only. Research destination-specific value, source, guest fit and live lodging before promotion."
NE-1159140163,Ibarra,Ecuador,South America,0.360377,-78.129996,NOT_ELIGIBLE,"Geographic record only. Research destination-specific value, source, guest fit and live lodging before promotion."
NE-1159149013,San Matias,Bolivia,South America,-16.359998,-58.420011,NOT_ELIGIBLE,"Geographic record only. Research destination-specific value, source, guest fit and live lodging before promotion."
NE-1159123067,Punta del Este,Uruguay,South America,-34.969973,-54.94999,NOT_ELIGIBLE,"Geographic record only. Research destination-specific value, source, guest fit and live lodging before promotion."
NE-1159128071,San Lorenzo,Paraguay,South America,-25.340018,-57.52004,NOT_ELIGIBLE,"Geographic record only. Research destination-specific value, source, guest fit and live lodging before promotion."
NE-1159151019,Campo Grande,Brazil,South America,-20.448086,-54.618571,NOT_ELIGIBLE,"Geographic record only. Research destination-specific value, source, guest fit and live lodging before promotion."
NE-1159150301,Santa Fe,Argentina,South America,-31.623872,-60.690001,NOT_ELIGIBLE,"Geographic record only. Research destination-specific value, source, guest fit and live lodging before promotion."
NE-1159146403,Chiclayo,Peru,South America,-6.762909,-79.836585,NOT_ELIGIBLE,"Geographic record only. Research destination-specific value, source, guest fit and live lodging before promotion."
NE-1159150045,Coihaique,Chile,South America,-45.569998,-72.070004,NOT_ELIGIBLE,"Geographic record only. Research destination-specific value, source, guest fit and live lodging before promotion."
NE-1159146931,Ibague,Colombia,South America,4.438914,-75.232214,NOT_ELIGIBLE,"Geographic record only. Research destination-specific value, source, guest fit and live lodging before promotion."
NE-1159147403,Punto Fijo,Venezuela,South America,11.719994,-70.210015,NOT_ELIGIBLE,"Geographic record only. Research destination-specific value, source, guest fit and live lodging before promotion."
NE-1159139935,Milagro,Ecuador,South America,-2.179623,-79.599984,NOT_ELIGIBLE,"Geographic record only. Research destination-specific value, source, guest fit and live lodging before promotion."
NE-1159144841,Potosi,Bolivia,South America,-19.569569,-65.750028,NOT_ELIGIBLE,"Geographic record only. Research destination-specific value, source, guest fit and live lodging before promotion."
NE-1159123051,Maldonado,Uruguay,South America,-34.910028,-54.959989,NOT_ELIGIBLE,"Geographic record only. Research destination-specific value, source, guest fit and live lodging before promotion."
NE-1159128125,Encarnacion,Paraguay,South America,-27.347185,-55.873919,NOT_ELIGIBLE,"Geographic record only. Research destination-specific value, source, guest fit and live lodging before promotion."
NE-1159151591,Lagos,Nigeria,Africa,6.445208,3.389585,NOT_ELIGIBLE,"Geographic record only. Research destination-specific value, source, guest fit and live lodging before promotion."
NE-1159151305,Dar es Salaam,Tanzania,Africa,-6.798067,39.266396,NOT_ELIGIBLE,"Geographic record only. Research destination-specific value, source, guest fit and live lodging before promotion."
NE-1159151471,Algiers,Algeria,Africa,36.765011,3.048607,NOT_ELIGIBLE,"Geographic record only. Research destination-specific value, source, guest fit and live lodging before promotion."
NE-1159151603,Cairo,Egypt,Africa,30.051906,31.248022,NOT_ELIGIBLE,"Geographic record only. Research destination-specific value, source, guest fit and live lodging before promotion."
NE-1159151549,Addis Ababa,Ethiopia,Africa,9.035256,38.698059,NOT_ELIGIBLE,"Geographic record only. Research destination-specific value, source, guest fit and live lodging before promotion."
NE-1159151469,Luanda,Angola,Africa,-8.83634,13.232481,NOT_ELIGIBLE,"Geographic record only. Research destination-specific value, source, guest fit and live lodging before promotion."
NE-1159150571,Lusaka,Zambia,Africa,-15.414698,28.281382,NOT_ELIGIBLE,"Geographic record only. Research destination-specific value, source, guest fit and live lodging before promotion."
NE-1159151115,Yaounde,Cameroon,Africa,3.868647,11.514705,NOT_ELIGIBLE,"Geographic record only. Research destination-specific value, source, guest fit and live lodging before promotion."
NE-1159150537,Tunis,Tunisia,Africa,36.802778,10.179678,NOT_ELIGIBLE,"Geographic record only. Research destination-specific value, source, guest fit and live lodging before promotion."
NE-1159151439,Abidjan,Ivory Coast,Africa,5.321943,-4.041994,NOT_ELIGIBLE,"Geographic record only. Research destination-specific value, source, guest fit and live lodging before promotion."
NE-1159150835,Antananarivo,Madagascar,Africa,-18.914692,47.514678,NOT_ELIGIBLE,"Geographic record only. Research destination-specific value, source, guest fit and live lodging before promotion."
NE-1159150997,Conakry,Guinea,Africa,9.533469,-13.682181,NOT_ELIGIBLE,"Geographic record only. Research destination-specific value, source, guest fit and live lodging before promotion."
NE-1159150683,Maputo,Mozambique,Africa,-25.953332,32.587217,NOT_ELIGIBLE,"Geographic record only. Research destination-specific value, source, guest fit and live lodging before promotion."
NE-1159150785,Windhoek,Namibia,Africa,-22.570006,17.083546,NOT_ELIGIBLE,"Geographic record only. Research destination-specific value, source, guest fit and live lodging before promotion."
NE-1159150907,Lilongwe,Malawi,Africa,-13.983295,33.783302,NOT_ELIGIBLE,"Geographic record only. Research destination-specific value, source, guest fit and live lodging before promotion."
NE-1159150573,Harare,Zimbabwe,Africa,-17.815844,31.042764,NOT_ELIGIBLE,"Geographic record only. Research destination-specific value, source, guest fit and live lodging before promotion."
NE-1159151403,Accra,Ghana,Africa,5.551981,-0.218662,NOT_ELIGIBLE,"Geographic record only. Research destination-specific value, source, guest fit and live lodging before promotion."
NE-1159150993,Brazzaville,Congo (Brazzaville),Africa,-4.25724,15.282744,NOT_ELIGIBLE,"Geographic record only. Research destination-specific value, source, guest fit and live lodging before promotion."
NE-1159150913,Libreville,Gabon,Africa,0.385389,9.457965,NOT_ELIGIBLE,"Geographic record only. Research destination-specific value, source, guest fit and live lodging before promotion."
NE-1159150943,Nouakchott,Mauritania,Africa,18.086427,-15.97534,NOT_ELIGIBLE,"Geographic record only. Research destination-specific value, source, guest fit and live lodging before promotion."
NE-1159150427,Bujumbura,Burundi,Africa,-3.376087,29.360006,NOT_ELIGIBLE,"Geographic record only. Research destination-specific value, source, guest fit and live lodging before promotion."
NE-1159151513,Dakar,Senegal,Africa,14.717778,-17.475076,NOT_ELIGIBLE,"Geographic record only. Research destination-specific value, source, guest fit and live lodging before promotion."
NE-1159151311,Monrovia,Liberia,Africa,6.314582,-10.79966,NOT_ELIGIBLE,"Geographic record only. Research destination-specific value, source, guest fit and live lodging before promotion."
NE-1159151153,Gaborone,Botswana,Africa,-24.646314,25.911948,NOT_ELIGIBLE,"Geographic record only. Research destination-specific value, source, guest fit and live lodging before promotion."
NE-1159151141,Cotonou,Benin,Africa,6.401954,2.518045,NOT_ELIGIBLE,"Geographic record only. Research destination-specific value, source, guest fit and live lodging before promotion."
NE-1159150535,Lome,Togo,Africa,6.133883,1.220811,NOT_ELIGIBLE,"Geographic record only. Research destination-specific value, source, guest fit and live lodging before promotion."
NE-1159151189,Hargeysa,Somaliland,Africa,9.560022,44.06531,NOT_ELIGIBLE,"Geographic record only. Research destination-specific value, source, guest fit and live lodging before promotion."
NE-1159150873,Asmara,Eritrea,Africa,15.333339,38.933324,NOT_ELIGIBLE,"Geographic record only. Research destination-specific value, source, guest fit and live lodging before promotion."
NE-1159150831,Maseru,Lesotho,Africa,-29.316674,27.483273,NOT_ELIGIBLE,"Geographic record only. Research destination-specific value, source, guest fit and live lodging before promotion."
NE-1159150803,Bissau,Guinea Bissau,Africa,11.865024,-15.598361,NOT_ELIGIBLE,"Geographic record only. Research destination-specific value, source, guest fit and live lodging before promotion."
NE-1159149869,Djibouti,Djibouti,Africa,11.595015,43.148002,NOT_ELIGIBLE,"Geographic record only. Research destination-specific value, source, guest fit and live lodging before promotion."
NE-1159150625,Freetown,Sierra Leone,Africa,8.471957,-13.236162,NOT_ELIGIBLE,"Geographic record only. Research destination-specific value, source, guest fit and live lodging before promotion."
NE-1159149997,Banjul,The Gambia,Africa,13.453877,-16.591702,NOT_ELIGIBLE,"Geographic record only. Research destination-specific value, source, guest fit and live lodging before promotion."
NE-1159149413,Mbabane,eSwatini,Africa,-26.316651,31.133335,NOT_ELIGIBLE,"Geographic record only. Research destination-specific value, source, guest fit and live lodging before promotion."
NE-1159151205,Praia,Cape Verde,Africa,14.916698,-23.516689,NOT_ELIGIBLE,"Geographic record only. Research destination-specific value, source, guest fit and live lodging before promotion."
NE-1159150867,Malabo,Equatorial Guinea,Africa,3.750015,8.783278,NOT_ELIGIBLE,"Geographic record only. Research destination-specific value, source, guest fit and live lodging before promotion."
NE-1159149075,Bir Lehlou,Western Sahara,Africa,26.119167,-9.652522,NOT_ELIGIBLE,"Geographic record only. Research destination-specific value, source, guest fit and live lodging before promotion."
NE-1159149083,Moroni,Comoros,Africa,-11.704158,43.240244,NOT_ELIGIBLE,"Geographic record only. Research destination-specific value, source, guest fit and live lodging before promotion."
NE-1159151195,Sao Tome,Sao Tome and Principe,Africa,0.333402,6.733325,NOT_ELIGIBLE,"Geographic record only. Research destination-specific value, source, guest fit and live lodging before promotion."
NE-1159151515,Johannesburg,South Africa,Africa,-26.168099,28.028064,NOT_ELIGIBLE,"Geographic record only. Research destination-specific value, source, guest fit and live lodging before promotion."
NE-1159151297,Kano,Nigeria,Africa,12.001923,8.518092,NOT_ELIGIBLE,"Geographic record only. Research destination-specific value, source, guest fit and live lodging before promotion."
NE-1159151137,Oran,Algeria,Africa,35.711948,-0.621919,NOT_ELIGIBLE,"Geographic record only. Research destination-specific value, source, guest fit and live lodging before promotion."
NE-1159151349,Alexandria,Egypt,Africa,31.201965,29.94805,NOT_ELIGIBLE,"Geographic record only. Research destination-specific value, source, guest fit and live lodging before promotion."
NE-1159150963,Gonder,Ethiopia,Africa,12.610043,37.460028,NOT_ELIGIBLE,"Geographic record only. Research destination-specific value, source, guest fit and live lodging before promotion."
NE-1159150829,Mombasa,Kenya,Africa,-4.03808,39.687972,NOT_ELIGIBLE,"Geographic record only. Research destination-specific value, source, guest fit and live lodging before promotion."
NE-1159151131,Huambo,Angola,Africa,-12.74804,15.758064,NOT_ELIGIBLE,"Geographic record only. Research destination-specific value, source, guest fit and live lodging before promotion."
NE-1159149359,Kitwe,Zambia,Africa,-12.810033,28.220024,NOT_ELIGIBLE,"Geographic record only. Research destination-specific value, source, guest fit and live lodging before promotion."
NE-1159151113,Maroua,Cameroon,Africa,10.595566,14.324696,NOT_ELIGIBLE,"Geographic record only. Research destination-specific value, source, guest fit and live lodging before promotion."
NE-1159149315,Sousse,Tunisia,Africa,35.829995,10.625026,NOT_ELIGIBLE,"Geographic record only. Research destination-specific value, source, guest fit and live lodging before promotion."
NE-1159150999,Yamoussoukro,Ivory Coast,Africa,6.818381,-5.275503,NOT_ELIGIBLE,"Geographic record only. Research destination-specific value, source, guest fit and live lodging before promotion."
NE-1159149809,Fianarantsoa,Madagascar,Africa,-21.433331,47.083265,NOT_ELIGIBLE,"Geographic record only. Research destination-specific value, source, guest fit and live lodging before promotion."
NE-1159150175,Nzerekore,Guinea,Africa,7.760003,-8.829988,NOT_ELIGIBLE,"Geographic record only. Research destination-specific value, source, guest fit and live lodging before promotion."
NE-1159150679,Beira,Mozambique,Africa,-19.820045,34.870006,NOT_ELIGIBLE,"Geographic record only. Research destination-specific value, source, guest fit and live lodging before promotion."
NE-1159150787,Grootfontein,Namibia,Africa,-19.566624,18.116558,NOT_ELIGIBLE,"Geographic record only. Research destination-specific value, source, guest fit and live lodging before promotion."
NE-1159149993,Blantyre,Malawi,Africa,-15.790007,34.989947,NOT_ELIGIBLE,"Geographic record only. Research destination-specific value, source, guest fit and live lodging before promotion."
NE-1159150575,Bulawayo,Zimbabwe,Africa,-20.169998,28.580002,NOT_ELIGIBLE,"Geographic record only. Research destination-specific value, source, guest fit and live lodging before promotion."
NE-1159148507,Kumasi,Ghana,Africa,6.691937,-1.63196,NOT_ELIGIBLE,"Geographic record only. Research destination-specific value, source, guest fit and live lodging before promotion."
NE-1159150171,Pointe-Noire,Congo (Brazzaville),Africa,-4.770007,11.880039,NOT_ELIGIBLE,"Geographic record only. Research destination-specific value, source, guest fit and live lodging before promotion."
NE-1159150919,Port-Gentil,Gabon,Africa,-0.720022,8.780022,NOT_ELIGIBLE,"Geographic record only. Research destination-specific value, source, guest fit and live lodging before promotion."
NE-1159150947,Atar,Mauritania,Africa,20.51664,-13.049989,NOT_ELIGIBLE,"Geographic record only. Research destination-specific value, source, guest fit and live lodging before promotion."
NE-1159145221,Muyinga,Burundi,Africa,-2.852347,30.31726,NOT_ELIGIBLE,"Geographic record only. Research destination-specific value, source, guest fit and live lodging before promotion."
NE-1159135751,Nyanza,Rwanda,Africa,-2.349587,29.740035,NOT_ELIGIBLE,"Geographic record only. Research destination-specific value, source, guest fit and live lodging before promotion."
NE-1159149437,Kaolack,Senegal,Africa,14.149975,-16.10001,NOT_ELIGIBLE,"Geographic record only. Research destination-specific value, source, guest fit and live lodging before promotion."
NE-1159148289,Buchanan,Liberia,Africa,5.916085,-10.052472,NOT_ELIGIBLE,"Geographic record only. Research destination-specific value, source, guest fit and live lodging before promotion."
NE-1159150355,Francistown,Botswana,Africa,-21.17004,27.500016,NOT_ELIGIBLE,"Geographic record only. Research destination-specific value, source, guest fit and live lodging before promotion."
NE-1159150345,Porto-Novo,Benin,Africa,6.483311,2.616626,NOT_ELIGIBLE,"Geographic record only. Research destination-specific value, source, guest fit and live lodging before promotion."
NE-1159149313,Atakpame,Togo,Africa,7.530043,1.120024,NOT_ELIGIBLE,"Geographic record only. Research destination-specific value, source, guest fit and live lodging before promotion."
NE-1159150441,Berbera,Somaliland,Africa,10.43555,45.016415,NOT_ELIGIBLE,"Geographic record only. Research destination-specific value, source, guest fit and live lodging before promotion."
NE-1159149867,Assab,Eritrea,Africa,13.010019,42.729991,NOT_ELIGIBLE,"Geographic record only. Research destination-specific value, source, guest fit and live lodging before promotion."
NE-1159148713,Mafetang,Lesotho,Africa,-29.816644,27.250006,NOT_ELIGIBLE,"Geographic record only. Research destination-specific value, source, guest fit and live lodging before promotion."
NE-1159139425,Bafata,Guinea Bissau,Africa,12.166995,-14.666015,NOT_ELIGIBLE,"Geographic record only. Research destination-specific value, source, guest fit and live lodging before promotion."
NE-1159140535,Ali Sabih,Djibouti,Africa,11.15623,42.712524,NOT_ELIGIBLE,"Geographic record only. Research destination-specific value, source, guest fit and live lodging before promotion."
NE-1159147947,Bo,Sierra Leone,Africa,7.970016,-11.740018,NOT_ELIGIBLE,"Geographic record only. Research destination-specific value, source, guest fit and live lodging before promotion."
NE-1159141603,Brikama,The Gambia,Africa,13.280364,-16.65995,NOT_ELIGIBLE,"Geographic record only. Research destination-specific value, source, guest fit and live lodging before promotion."
NE-1159146343,Lobamba,eSwatini,Africa,-26.466668,31.199997,NOT_ELIGIBLE,"Geographic record only. Research destination-specific value, source, guest fit and live lodging before promotion."
NE-1159146059,Curepipe,Mauritius,Africa,-20.31619,57.516634,NOT_ELIGIBLE,"Geographic record only. Research destination-specific value, source, guest fit and live lodging before promotion."
NE-1159146071,Mindelo,Cape Verde,Africa,16.883761,-25.000009,NOT_ELIGIBLE,"Geographic record only. Research destination-specific value, source, guest fit and live lodging before promotion."
NE-1159148423,Bata,Equatorial Guinea,Africa,1.870001,9.769987,NOT_ELIGIBLE,"Geographic record only. Research destination-specific value, source, guest fit and live lodging before promotion."
NE-1159151289,Durban,South Africa,Africa,-29.863067,30.978065,NOT_ELIGIBLE,"Geographic record only. Research destination-specific value, source, guest fit and live lodging before promotion."
NE-1159150799,Abuja,Nigeria,Africa,9.085279,7.531382,NOT_ELIGIBLE,"Geographic record only. Research destination-specific value, source, guest fit and live lodging before promotion."
NE-1159150783,Mbeya,Tanzania,Africa,-8.890014,33.430042,NOT_ELIGIBLE,"Geographic record only. Research destination-specific value, source, guest fit and live lodging before promotion."
NE-1159151145,Ghardaia,Algeria,Africa,32.489992,3.669998,NOT_ELIGIBLE,"Geographic record only. Research destination-specific value, source, guest fit and live lodging before promotion."
NE-1159150871,Luxor,Egypt,Africa,25.700019,32.650038,NOT_ELIGIBLE,"Geographic record only. Research destination-specific value, source, guest fit and live lodging before promotion."
NE-1159150097,Dire Dawa,Ethiopia,Africa,9.589995,41.860018,NOT_ELIGIBLE,"Geographic record only. Research destination-specific value, source, guest fit and live lodging before promotion."
NE-1159149761,Eldoret,Kenya,Africa,0.520006,35.269981,NOT_ELIGIBLE,"Geographic record only. Research destination-specific value, source, guest fit and live lodging before promotion."
NE-1159151129,Menongue,Angola,Africa,-14.666613,17.699994,NOT_ELIGIBLE,"Geographic record only. Research destination-specific value, source, guest fit and live lodging before promotion."
NE-1159149353,Kabwe,Zambia,Africa,-14.440011,28.449984,NOT_ELIGIBLE,"Geographic record only. Research destination-specific value, source, guest fit and live lodging before promotion."
NE-1159149365,Douala,Cameroon,Africa,4.062356,9.708045,NOT_ELIGIBLE,"Geographic record only. Research destination-specific value, source, guest fit and live lodging before promotion."
NE-1159147487,Sfax,Tunisia,Africa,34.750035,10.720007,NOT_ELIGIBLE,"Geographic record only. Research destination-specific value, source, guest fit and live lodging before promotion."
NE-1159150177,Bouake,Ivory Coast,Africa,7.689982,-5.030014,NOT_ELIGIBLE,"Geographic record only. Research destination-specific value, source, guest fit and live lodging before promotion."
NE-1159149811,Mahajanga,Madagascar,Africa,-15.670014,46.345016,NOT_ELIGIBLE,"Geographic record only. Research destination-specific value, source, guest fit and live lodging before promotion."
NE-1159150173,Kankan,Guinea,Africa,10.389998,-9.310011,NOT_ELIGIBLE,"Geographic record only. Research destination-specific value, source, guest fit and live lodging before promotion."
NE-1159150657,Nacala,Mozambique,Africa,-14.518611,40.715024,NOT_ELIGIBLE,"Geographic record only. Research destination-specific value, source, guest fit and live lodging before promotion."
NE-1159149725,Walvis Bay,Namibia,Africa,-22.957528,14.505306,NOT_ELIGIBLE,"Geographic record only. Research destination-specific value, source, guest fit and live lodging before promotion."
NE-1159149991,Mzuzu,Malawi,Africa,-11.459987,34.01998,NOT_ELIGIBLE,"Geographic record only. Research destination-specific value, source, guest fit and live lodging before promotion."
NE-1159149363,Chitungwiza,Zimbabwe,Africa,-18.000001,31.100003,NOT_ELIGIBLE,"Geographic record only. Research destination-specific value, source, guest fit and live lodging before promotion."
NE-1159148509,Sekondi,Ghana,Africa,4.943276,-1.704015,NOT_ELIGIBLE,"Geographic record only. Research destination-specific value, source, guest fit and live lodging before promotion."
NE-1159150031,Kayes,Congo (Brazzaville),Africa,-4.180018,13.280006,NOT_ELIGIBLE,"Geographic record only. Research destination-specific value, source, guest fit and live lodging before promotion."
NE-1159150033,Franceville,Gabon,Africa,-1.6333,13.583295,NOT_ELIGIBLE,"Geographic record only. Research destination-specific value, source, guest fit and live lodging before promotion."
NE-1159150065,Nouadhibou,Mauritania,Africa,20.900002,-17.056024,NOT_ELIGIBLE,"Geographic record only. Research destination-specific value, source, guest fit and live lodging before promotion."
NE-1159146001,Gitega,Burundi,Africa,-3.426007,29.843594,NOT_ELIGIBLE,"Geographic record only. Research destination-specific value, source, guest fit and live lodging before promotion."
NE-1159135755,Gitarama,Rwanda,Africa,-2.069604,29.759982,NOT_ELIGIBLE,"Geographic record only. Research destination-specific value, source, guest fit and live lodging before promotion."
NE-1159149439,Kaedi,Senegal,Africa,16.150008,-13.499988,NOT_ELIGIBLE,"Geographic record only. Research destination-specific value, source, guest fit and live lodging before promotion."
NE-1159148291,Robertsport,Liberia,Africa,6.75332,-11.368593,NOT_ELIGIBLE,"Geographic record only. Research destination-specific value, source, guest fit and live lodging before promotion."
NE-1159150357,Mahalapye,Botswana,Africa,-23.1,26.820006,NOT_ELIGIBLE,"Geographic record only. Research destination-specific value, source, guest fit and live lodging before promotion."
NE-1159150343,Parakou,Benin,Africa,9.34001,2.620036,NOT_ELIGIBLE,"Geographic record only. Research destination-specific value, source, guest fit and live lodging before promotion."
NE-1159133821,Sokode,Togo,Africa,8.990471,1.149997,NOT_ELIGIBLE,"Geographic record only. Research destination-specific value, source, guest fit and live lodging before promotion."
NE-1159146047,Burco,Somaliland,Africa,9.520387,45.54,NOT_ELIGIBLE,"Geographic record only. Research destination-specific value, source, guest fit and live lodging before promotion."
NE-1159140533,Mendefera,Eritrea,Africa,14.885976,38.816328,NOT_ELIGIBLE,"Geographic record only. Research destination-specific value, source, guest fit and live lodging before promotion."
NE-1159117545,Hlotse,Lesotho,Africa,-28.878003,28.055998,NOT_ELIGIBLE,"Geographic record only. Research destination-specific value, source, guest fit and live lodging before promotion."
NE-1159139419,Bolama,Guinea Bissau,Africa,11.582953,-15.482804,NOT_ELIGIBLE,"Geographic record only. Research destination-specific value, source, guest fit and live lodging before promotion."
NE-1159140539,Obock,Djibouti,Africa,11.973441,43.285564,NOT_ELIGIBLE,"Geographic record only. Research destination-specific value, source, guest fit and live lodging before promotion."
NE-1159136189,Kenema,Sierra Leone,Africa,7.880409,-11.189974,NOT_ELIGIBLE,"Geographic record only. Research destination-specific value, source, guest fit and live lodging before promotion."
NE-1159118993,Mansa Konko,The Gambia,Africa,13.377312,-15.678566,NOT_ELIGIBLE,"Geographic record only. Research destination-specific value, source, guest fit and live lodging before promotion."
NE-1159115543,Manzini,eSwatini,Africa,-26.495001,31.388005,NOT_ELIGIBLE,"Geographic record only. Research destination-specific value, source, guest fit and live lodging before promotion."
NE-1159150661,Pretoria,South Africa,Africa,-25.704975,28.227483,NOT_ELIGIBLE,"Geographic record only. Research destination-specific value, source, guest fit and live lodging before promotion."
NE-1159150773,Sokoto,Nigeria,Africa,13.060016,5.240031,NOT_ELIGIBLE,"Geographic record only. Research destination-specific value, source, guest fit and live lodging before promotion."
NE-1159149727,Mwanza,Tanzania,Africa,-2.520015,32.930021,NOT_ELIGIBLE,"Geographic record only. Research destination-specific value, source, guest fit and live lodging before promotion."
NE-1159151143,Tamanrasset,Algeria,Africa,22.785003,5.522805,NOT_ELIGIBLE,"Geographic record only. Research destination-specific value, source, guest fit and live lodging before promotion."
NE-1159149855,Bur Said,Egypt,Africa,31.25999,32.290008,NOT_ELIGIBLE,"Geographic record only. Research destination-specific value, source, guest fit and live lodging before promotion."
NE-1159150091,Bahir Dar,Ethiopia,Africa,11.600053,37.383289,NOT_ELIGIBLE,"Geographic record only. Research destination-specific value, source, guest fit and live lodging before promotion."
NE-1159149759,Meru,Kenya,Africa,0.059982,37.640018,NOT_ELIGIBLE,"Geographic record only. Research destination-specific value, source, guest fit and live lodging before promotion."
NE-1159150331,Benguela,Angola,Africa,-12.578265,13.407233,NOT_ELIGIBLE,"Geographic record only. Research destination-specific value, source, guest fit and live lodging before promotion."
NE-1159149361,Livingstone,Zambia,Africa,-17.860009,25.860013,NOT_ELIGIBLE,"Geographic record only. Research destination-specific value, source, guest fit and live lodging before promotion."
NE-1159150315,Bamenda,Cameroon,Africa,5.959984,10.150016,NOT_ELIGIBLE,"Geographic record only. Research destination-specific value, source, guest fit and live lodging before promotion."
NE-1159133879,Gabes,Tunisia,Africa,33.900423,10.099993,NOT_ELIGIBLE,"Geographic record only. Research destination-specific value, source, guest fit and live lodging before promotion."
NE-1159148711,Daloa,Ivory Coast,Africa,6.889979,-6.450005,NOT_ELIGIBLE,"Geographic record only. Research destination-specific value, source, guest fit and live lodging before promotion."
NE-1159149813,Toliara,Madagascar,Africa,-23.356831,43.689984,NOT_ELIGIBLE,"Geographic record only. Research destination-specific value, source, guest fit and live lodging before promotion."
NE-1159148703,Labe,Guinea,Africa,11.319993,-12.300009,NOT_ELIGIBLE,"Geographic record only. Research destination-specific value, source, guest fit and live lodging before promotion."
NE-1159150675,Marrakesh,Morocco,Africa,31.631939,-8.001933,NOT_ELIGIBLE,"Geographic record only. Research destination-specific value, source, guest fit and live lodging before promotion."
NE-1159149489,Nampula,Mozambique,Africa,-15.136041,39.293043,NOT_ELIGIBLE,"Geographic record only. Research destination-specific value, source, guest fit and live lodging before promotion."
NE-1159149723,Luderitz,Namibia,Africa,-26.648,15.159426,NOT_ELIGIBLE,"Geographic record only. Research destination-specific value, source, guest fit and live lodging before promotion."
NE-1159148499,Zomba,Malawi,Africa,-15.390031,35.310031,NOT_ELIGIBLE,"Geographic record only. Research destination-specific value, source, guest fit and live lodging before promotion."
NE-1159147579,Mutare,Zimbabwe,Africa,-18.970019,32.650038,NOT_ELIGIBLE,"Geographic record only. Research destination-specific value, source, guest fit and live lodging before promotion."
NE-1159141609,Tamale,Ghana,Africa,9.40042,-0.839985,NOT_ELIGIBLE,"Geographic record only. Research destination-specific value, source, guest fit and live lodging before promotion."
NE-1159148591,Ouesso,Congo (Brazzaville),Africa,1.609991,16.050018,NOT_ELIGIBLE,"Geographic record only. Research destination-specific value, source, guest fit and live lodging before promotion."
NE-1159148513,Oyem,Gabon,Africa,1.616631,11.583313,NOT_ELIGIBLE,"Geographic record only. Research destination-specific value, source, guest fit and live lodging before promotion."
NE-1159150069,Ayoun el Atrous,Mauritania,Africa,16.666591,-9.616659,NOT_ELIGIBLE,"Geographic record only. Research destination-specific value, source, guest fit and live lodging before promotion."
NE-1159145215,Bururi,Burundi,Africa,-3.950729,29.61658,NOT_ELIGIBLE,"Geographic record only. Research destination-specific value, source, guest fit and live lodging before promotion."
NE-1159135777,Ruhengeri,Rwanda,Africa,-1.499613,29.630015,NOT_ELIGIBLE,"Geographic record only. Research destination-specific value, source, guest fit and live lodging before promotion."
NE-1159147949,Ziguinchor,Senegal,Africa,12.589993,-16.289998,NOT_ELIGIBLE,"Geographic record only. Research destination-specific value, source, guest fit and live lodging before promotion."
NE-1159150663,Port Moresby,Papua New Guinea,Oceania,-9.464708,147.192504,NOT_ELIGIBLE,"Geographic record only. Research destination-specific value, source, guest fit and live lodging before promotion."
NE-1159150917,Suva,Fiji,Oceania,-18.133016,178.441707,NOT_ELIGIBLE,"Geographic record only. Research destination-specific value, source, guest fit and live lodging before promotion."
NE-1159150579,Port Vila,Vanuatu,Oceania,-17.73335,168.316641,NOT_ELIGIBLE,"Geographic record only. Research destination-specific value, source, guest fit and live lodging before promotion."
NE-1159149073,Melekeok,Palau,Oceania,7.487396,134.626549,NOT_ELIGIBLE,"Geographic record only. Research destination-specific value, source, guest fit and live lodging before promotion."
NE-1159146907,Noumea,New Caledonia,Oceania,-22.262528,166.444285,NOT_ELIGIBLE,"Geographic record only. Research destination-specific value, source, guest fit and live lodging before promotion."
NE-1159149061,Palikir,Federated States of Micronesia,Oceania,6.916644,158.149974,NOT_ELIGIBLE,"Geographic record only. Research destination-specific value, source, guest fit and live lodging before promotion."
NE-1159149063,Majuro,Marshall Islands,Oceania,7.103004,171.38,NOT_ELIGIBLE,"Geographic record only. Research destination-specific value, source, guest fit and live lodging before promotion."
NE-1159149065,Agana,Guam,Oceania,13.470016,144.750017,NOT_ELIGIBLE,"Geographic record only. Research destination-specific value, source, guest fit and live lodging before promotion."
NE-1159149071,Funafuti,Tuvalu,Oceania,-8.516652,179.216647,NOT_ELIGIBLE,"Geographic record only. Research destination-specific value, source, guest fit and live lodging before promotion."
NE-1159149079,Tarawa,Kiribati,Oceania,1.338188,173.017571,NOT_ELIGIBLE,"Geographic record only. Research destination-specific value, source, guest fit and live lodging before promotion."
NE-1159149099,Avarua,Cook Islands,Oceania,-21.196226,-159.785437,NOT_ELIGIBLE,"Geographic record only. Research destination-specific value, source, guest fit and live lodging before promotion."
NE-1159150429,Pago Pago,American Samoa,Oceania,-14.276611,-170.706645,NOT_ELIGIBLE,"Geographic record only. Research destination-specific value, source, guest fit and live lodging before promotion."
NE-1159150449,Papeete,French Polynesia,Oceania,-17.533363,-149.566669,NOT_ELIGIBLE,"Geographic record only. Research destination-specific value, source, guest fit and live lodging before promotion."
NE-1159150665,Honiara,Solomon Islands,Oceania,-9.437994,159.949766,NOT_ELIGIBLE,"Geographic record only. Research destination-specific value, source, guest fit and live lodging before promotion."
NE-1159151187,Nukualofa,Tonga,Oceania,-21.138512,-175.220565,NOT_ELIGIBLE,"Geographic record only. Research destination-specific value, source, guest fit and live lodging before promotion."
NE-1159151197,Apia,Samoa,Oceania,-13.841545,-171.738642,NOT_ELIGIBLE,"Geographic record only. Research destination-specific value, source, guest fit and live lodging before promotion."
NE-1159149503,Lae,Papua New Guinea,Oceania,-6.732988,146.990035,NOT_ELIGIBLE,"Geographic record only. Research destination-specific value, source, guest fit and live lodging before promotion."
NE-1159147217,Labasa,Fiji,Oceania,-16.416583,179.383304,NOT_ELIGIBLE,"Geographic record only. Research destination-specific value, source, guest fit and live lodging before promotion."
NE-1159134859,Luganville,Vanuatu,Oceania,-15.512556,167.176607,NOT_ELIGIBLE,"Geographic record only. Research destination-specific value, source, guest fit and live lodging before promotion."
NE-1159146053,Koror,Palau,Oceania,7.345226,134.469501,NOT_ELIGIBLE,"Geographic record only. Research destination-specific value, source, guest fit and live lodging before promotion."
NE-1159151475,Perth,Australia,Oceania,-31.953069,115.838053,NOT_ELIGIBLE,"Geographic record only. Research destination-specific value, source, guest fit and live lodging before promotion."
NE-1159149497,Mt. Hagen,Papua New Guinea,Oceania,-5.863222,144.21682,NOT_ELIGIBLE,"Geographic record only. Research destination-specific value, source, guest fit and live lodging before promotion."
NE-1159141885,Lautoka,Fiji,Oceania,-17.616097,177.466625,NOT_ELIGIBLE,"Geographic record only. Research destination-specific value, source, guest fit and live lodging before promotion."
NE-1159151689,Manukau,New Zealand,Oceania,-36.99997,174.884971,NOT_ELIGIBLE,"Geographic record only. Research destination-specific value, source, guest fit and live lodging before promotion."
NE-1159149495,Goroka,Papua New Guinea,Oceania,-6.083312,145.385482,NOT_ELIGIBLE,"Geographic record only. Research destination-specific value, source, guest fit and live lodging before promotion."
NE-1159141881,Nandi,Fiji,Oceania,-17.7996,177.416602,NOT_ELIGIBLE,"Geographic record only. Research destination-specific value, source, guest fit and live lodging before promotion."
NE-1159151691,Hamilton,New Zealand,Oceania,-37.778269,175.289578,NOT_ELIGIBLE,"Geographic record only. Research destination-specific value, source, guest fit and live lodging before promotion."
NE-1159149499,Rabaul,Papua New Guinea,Oceania,-4.20549,152.143431,NOT_ELIGIBLE,"Geographic record only. Research destination-specific value, source, guest fit and live lodging before promotion."
NE-1159151163,Newcastle,Australia,Oceania,-32.845348,151.815012,NOT_ELIGIBLE,"Geographic record only. Research destination-specific value, source, guest fit and live lodging before promotion."
NE-1159148055,Madang,Papua New Guinea,Oceania,-5.224812,145.785251,NOT_ELIGIBLE,"Geographic record only. Research destination-specific value, source, guest fit and live lodging before promotion."
NE-1159151161,Canberra,Australia,Oceania,-35.283029,149.129026,NOT_ELIGIBLE,"Geographic record only. Research destination-specific value, source, guest fit and live lodging before promotion."
NE-1159151687,Napier,New Zealand,Oceania,-39.490001,176.926451,NOT_ELIGIBLE,"Geographic record only. Research destination-specific value, source, guest fit and live lodging before promotion."
NE-1159148053,Wewak,Papua New Guinea,Oceania,-3.553492,143.6367,NOT_ELIGIBLE,"Geographic record only. Research destination-specific value, source, guest fit and live lodging before promotion."
NE-1159151167,Townsville,Australia,Oceania,-19.24995,146.769997,NOT_ELIGIBLE,"Geographic record only. Research destination-specific value, source, guest fit and live lodging before promotion."
NE-1159151693,Blenheim,New Zealand,Oceania,-41.513517,173.954958,NOT_ELIGIBLE,"Geographic record only. Research destination-specific value, source, guest fit and live lodging before promotion."
NE-1159148057,Kavieng,Papua New Guinea,Oceania,-2.581284,150.812977,NOT_ELIGIBLE,"Geographic record only. Research destination-specific value, source, guest fit and live lodging before promotion."
NE-1159151155,Darwin,Australia,Oceania,-12.425354,130.850039,NOT_ELIGIBLE,"Geographic record only. Research destination-specific value, source, guest fit and live lodging before promotion."
NE-1159151673,Tauranga,New Zealand,Oceania,-37.696416,176.153629,NOT_ELIGIBLE,"Geographic record only. Research destination-specific value, source, guest fit and live lodging before promotion."
NE-1159136861,Popondetta,Papua New Guinea,Oceania,-8.769195,148.248408,NOT_ELIGIBLE,"Geographic record only. Research destination-specific value, source, guest fit and live lodging before promotion."
NE-1159151659,Palmerston North,New Zealand,Oceania,-40.352691,175.607211,NOT_ELIGIBLE,"Geographic record only. Research destination-specific value, source, guest fit and live lodging before promotion."
NE-1159136845,Mendi,Papua New Guinea,Oceania,-6.144394,143.645227,NOT_ELIGIBLE,"Geographic record only. Research destination-specific value, source, guest fit and live lodging before promotion."
NE-1159151159,Alice Springs,Australia,Oceania,-23.700997,133.880035,NOT_ELIGIBLE,"Geographic record only. Research destination-specific value, source, guest fit and live lodging before promotion."
NE-1159151665,Hastings,New Zealand,Oceania,-39.638203,176.8368,NOT_ELIGIBLE,"Geographic record only. Research destination-specific value, source, guest fit and live lodging before promotion."
NE-1159136857,Alotau,Papua New Guinea,Oceania,-10.302073,150.459074,NOT_ELIGIBLE,"Geographic record only. Research destination-specific value, source, guest fit and live lodging before promotion."
NE-1159150413,Gold Coast,Australia,Oceania,-28.081504,153.448246,NOT_ELIGIBLE,"Geographic record only. Research destination-specific value, source, guest fit and live lodging before promotion."
NE-1159116427,Arawa,Papua New Guinea,Oceania,-6.228,155.565991,NOT_ELIGIBLE,"Geographic record only. Research destination-specific value, source, guest fit and live lodging before promotion."
NE-1159151681,Whangarei,New Zealand,Oceania,-35.725571,174.322971,NOT_ELIGIBLE,"Geographic record only. Research destination-specific value, source, guest fit and live lodging before promotion."
NE-1159116467,Kimbe,Papua New Guinea,Oceania,-5.550003,150.143014,NOT_ELIGIBLE,"Geographic record only. Research destination-specific value, source, guest fit and live lodging before promotion."
NE-1159150399,Bendigo,Australia,Oceania,-36.759993,144.28002,NOT_ELIGIBLE,"Geographic record only. Research destination-specific value, source, guest fit and live lodging before promotion."
NE-1159151685,Invercargill,New Zealand,Oceania,-46.409437,168.365006,NOT_ELIGIBLE,"Geographic record only. Research destination-specific value, source, guest fit and live lodging before promotion."
NE-1159121931,Daru,Papua New Guinea,Oceania,-9.109152,143.233723,NOT_ELIGIBLE,"Geographic record only. Research destination-specific value, source, guest fit and live lodging before promotion."
NE-1159150367,Mandurah,Australia,Oceania,-32.523483,115.747057,NOT_ELIGIBLE,"Geographic record only. Research destination-specific value, source, guest fit and live lodging before promotion."
NE-1159151663,Whanganui,New Zealand,Oceania,-39.932626,175.0393,NOT_ELIGIBLE,"Geographic record only. Research destination-specific value, source, guest fit and live lodging before promotion."
NE-1159116375,Vanimo,Papua New Guinea,Oceania,-2.690001,141.303997,NOT_ELIGIBLE,"Geographic record only. Research destination-specific value, source, guest fit and live lodging before promotion."
NE-1159150409,Rockhampton,Australia,Oceania,-23.363911,150.520001,NOT_ELIGIBLE,"Geographic record only. Research destination-specific value, source, guest fit and live lodging before promotion."
NE-1159151667,Gisborne,New Zealand,Oceania,-38.663333,178.018081,NOT_ELIGIBLE,"Geographic record only. Research destination-specific value, source, guest fit and live lodging before promotion."
NE-1159150385,Orange,Australia,Oceania,-33.279998,149.099984,NOT_ELIGIBLE,"Geographic record only. Research destination-specific value, source, guest fit and live lodging before promotion."
NE-1159151675,Timaru,New Zealand,Oceania,-44.397154,171.242469,NOT_ELIGIBLE,"Geographic record only. Research destination-specific value, source, guest fit and live lodging before promotion."
NE-1159150371,Kalgoorlie,Australia,Oceania,-30.735399,121.460018,NOT_ELIGIBLE,"Geographic record only. Research destination-specific value, source, guest fit and live lodging before promotion."
NE-1159151671,Taupo,New Zealand,Oceania,-38.693011,176.077053,NOT_ELIGIBLE,"Geographic record only. Research destination-specific value, source, guest fit and live lodging before promotion."
NE-1159150407,Mount Isa,Australia,Oceania,-20.723866,139.490028,NOT_ELIGIBLE,"Geographic record only. Research destination-specific value, source, guest fit and live lodging before promotion."
NE-1159151639,Waitakere,New Zealand,Oceania,-36.852449,174.554279,NOT_ELIGIBLE,"Geographic record only. Research destination-specific value, source, guest fit and live lodging before promotion."
NE-1159150387,Dubbo,Australia,Oceania,-32.259957,148.597327,NOT_ELIGIBLE,"Geographic record only. Research destination-specific value, source, guest fit and live lodging before promotion."
NE-1159151641,North Shore,New Zealand,Oceania,-36.791269,174.775839,NOT_ELIGIBLE,"Geographic record only. Research destination-specific value, source, guest fit and live lodging before promotion."
NE-1159150379,Geraldton,Australia,Oceania,-28.76663,114.599971,NOT_ELIGIBLE,"Geographic record only. Research destination-specific value, source, guest fit and live lodging before promotion."
NE-1159151651,New Plymouth,New Zealand,Oceania,-39.055639,174.074813,NOT_ELIGIBLE,"Geographic record only. Research destination-specific value, source, guest fit and live lodging before promotion."
NE-1159150373,Albany,Australia,Oceania,-35.016947,117.891605,NOT_ELIGIBLE,"Geographic record only. Research destination-specific value, source, guest fit and live lodging before promotion."
NE-1159151633,Upper Hutt,New Zealand,Oceania,-41.135477,175.029041,NOT_ELIGIBLE,"Geographic record only. Research destination-specific value, source, guest fit and live lodging before promotion."
NE-1159150389,Armidale,Australia,Oceania,-30.512312,151.667476,NOT_ELIGIBLE,"Geographic record only. Research destination-specific value, source, guest fit and live lodging before promotion."
NE-1159151635,Masterton,New Zealand,Oceania,-40.94392,175.645646,NOT_ELIGIBLE,"Geographic record only. Research destination-specific value, source, guest fit and live lodging before promotion."
NE-1159150395,Whyalla,Australia,Oceania,-33.025027,137.561412,NOT_ELIGIBLE,"Geographic record only. Research destination-specific value, source, guest fit and live lodging before promotion."
NE-1159151637,Levin,New Zealand,Oceania,-40.612361,175.277246,NOT_ELIGIBLE,"Geographic record only. Research destination-specific value, source, guest fit and live lodging before promotion."
NE-1159150415,Devonport,Australia,Oceania,-41.192668,146.331102,NOT_ELIGIBLE,"Geographic record only. Research destination-specific value, source, guest fit and live lodging before promotion."
NE-1159151645,Whakatane,New Zealand,Oceania,-37.957387,176.982758,NOT_ELIGIBLE,"Geographic record only. Research destination-specific value, source, guest fit and live lodging before promotion."
NE-1159150391,Broken Hill,Australia,Oceania,-31.94995,141.433114,NOT_ELIGIBLE,"Geographic record only. Research destination-specific value, source, guest fit and live lodging before promotion."
NE-1159151647,Ashburton,New Zealand,Oceania,-43.898269,171.748642,NOT_ELIGIBLE,"Geographic record only. Research destination-specific value, source, guest fit and live lodging before promotion."
NE-1159150377,Karratha,Australia,Oceania,-20.730377,116.870013,NOT_ELIGIBLE,"Geographic record only. Research destination-specific value, source, guest fit and live lodging before promotion."
NE-1159151657,Oamaru,New Zealand,Oceania,-45.109197,170.99479,NOT_ELIGIBLE,"Geographic record only. Research destination-specific value, source, guest fit and live lodging before promotion."
NE-1159150381,Griffith,Australia,Oceania,-34.290014,146.040016,NOT_ELIGIBLE,"Geographic record only. Research destination-specific value, source, guest fit and live lodging before promotion."
NE-1159151649,Kaiapoi,New Zealand,Oceania,-43.381311,172.651036,NOT_ELIGIBLE,"Geographic record only. Research destination-specific value, source, guest fit and live lodging before promotion."
NE-1159150375,Port Hedland,Australia,Oceania,-20.310402,118.606032,NOT_ELIGIBLE,"Geographic record only. Research destination-specific value, source, guest fit and live lodging before promotion."
NE-1159151705,Lower Hutt,New Zealand,Oceania,-41.203745,174.912312,NOT_ELIGIBLE,"Geographic record only. Research destination-specific value, source, guest fit and live lodging before promotion."
NE-1159150403,Wangaratta,Australia,Oceania,-36.360017,146.3,NOT_ELIGIBLE,"Geographic record only. Research destination-specific value, source, guest fit and live lodging before promotion."
NE-1159151709,Porirua,New Zealand,Oceania,-41.121892,174.852353,NOT_ELIGIBLE,"Geographic record only. Research destination-specific value, source, guest fit and live lodging before promotion."
NE-1159150393,Port Lincoln,Australia,Oceania,-34.733243,135.86658,NOT_ELIGIBLE,"Geographic record only. Research destination-specific value, source, guest fit and live lodging before promotion."
NE-1159151713,Pukekohe,New Zealand,Oceania,-37.201492,174.903307,NOT_ELIGIBLE,"Geographic record only. Research destination-specific value, source, guest fit and live lodging before promotion."
